,name,location,cost
0,"One Bedroom, Cheap Pricing",Ğ£Ğ¸Ğ»Ğ»Ğ¸ÑÑ‚Ğ¾Ğ½,12
1,Belga Apartments,Ulcinj,19
2,LOFTå¤è¿æ²³ç•”æ¸©é¦¨çš„å®¶,Yangzhou,23
3,Venice Every Day 3,Ğ’ĞµĞ½ĞµÑ†Ğ¸Ñ,17
4,"Budget double room in London near Regents Park,",Ğ‘Ğ¾Ğ»ÑŒÑˆĞ¾Ğ¹ Ğ›Ğ¾Ğ½Ğ´Ğ¾Ğ½,27
5,"Puteri Harbour Studio with Netflix, Swimming Pool",ĞÑƒÑĞ°Ğ´Ğ¶Ğ°Ñ,19
6,ã€FondHouseã€‘åŒ—æ¬§ç®€çº¦é£/é«˜æ¸…æŠ•å½±/äº¤é€šä¾¿åˆ©/è¿‘ä¸œå¦100ã€åœèœ‚ä¸­å¿ƒ,Ğ¨Ğ°Ğ½ÑŒÑ‚Ğ¾Ñƒ,27
7,Praia do ManaÃ­ra com conforto e Ã³tima localizaÃ§Ã£o!,ManaÃ­ra,19
8,HabitaciÃ³n 4 personas/cama doble/ Litera /Wifi/A.C,Ğ¡Ğ°Ğ½Ñ‚Ğ°-ĞœĞ°Ñ€Ñ‚Ğ°,17
9,à¸„à¸­à¸™à¹‚à¸”à¸¥à¸¸à¸¡à¸à¸´à¸™à¸µà¸‹à¸µà¸§à¸´à¸§ à¸Šà¸°à¸­à¸³,Cha-am,16
10,The Best Loft in Downtown,Ğ§Ğ¸Ñ…ÑƒĞ°Ñ…ÑƒĞ°,22
11,"Apartamento 6203- Res. Renoir, Area Central de GV",Nossa Senhora das Gracas,11
12,æ˜Ÿå…‰å²›çº³èˆå¸Œå²¸/ç”µå½±åšç‰©é¦†/èåˆ›èŒ‚/çŠç‘šè´æ¡¥/é“¶è´å¤§å‰§é™¢/é‡‘èºç§€åœº/æ¸¸è‰‡ç å¤´/é‡‘æ²™æ»©,Ğ¦Ğ¸Ğ½Ğ´Ğ°Ğ¾,45
13,2 bed independent house,Lahore,8
14,Big 2 bedroom apartment right in Eixample,Ğ‘Ğ°Ñ€ÑĞµĞ»Ğ¾Ğ½Ğ°,40
15,"Location GÃ®te Saint-Brevin-les-Pins, 4 piÃ¨ces, 4 personnes",Saint-Brevin-les-Pins,68
16,~æ‚¦äº«æ°‘å®¿~èŠ±å›­å¼ç»¿åŒ–/æ¬£é›†å¤é•‡/ç‰ç¥¥é—¨åŸå¢™æ ¹/åœ°é“ä¸€å·çº¿/é’Ÿé¼“æ¥¼/å›æ°‘è¡—/éª¡é©¬å¸‚å•†ä¸šæ­¥è¡Œè¡—/è±ªåæˆ¿,Ğ¡Ğ¸Ğ°Ğ½ÑŒ,25
17,"ĞĞŸĞĞ Ğ¢ĞĞœĞ•ĞĞ¢Ğ« ĞĞ 19 Ğ­Ğ¢ĞĞ–Ğ•.
ĞŸĞ°Ğ½Ğ¾Ñ€Ğ°Ğ¼Ğ½Ñ‹Ğ¹ Ğ±Ğ°Ğ»ĞºĞ¾Ğ½!",Ğ¡Ğ¾Ñ‡Ğ¸,21
18,ĞšĞ²Ğ°Ñ€Ñ‚Ğ¸Ñ€Ğ° Ñƒ Ğ¼Ğ¾Ñ€Ñ Ğ² Ğ³Ğ¾Ñ€Ğ¾Ğ´Ğµ Ğ¡Ğ¾Ñ‡Ğ¸,Bolshoy Sochi,16
19,HARRY POTTER ROOM IN BEACON HILL,Ğ¡Ğ¸ÑÑ‚Ğ»,12
20,2 bed independent house,Lahore,8
21,Estudio Loft amueblado y equipado,Toluca de Lerdo,16
22,Bright room in house with young people. Room no 2.,ĞÑ€Ñ…ÑƒÑ,26
23,Casa Cascabel II,Ğ“ÑƒĞ°Ğ´Ğ°Ğ»ÑƒĞ¿Ğµ,20
24,Ğ£ÑÑ‚Ğ½Ğ°Ñ ÑÑ‚ÑƒĞ´Ğ¸Ñ Ğ² ĞœĞšĞ  Ğ£Ğ»ĞµÑˆĞ¸,Ğ¡Ğ°Ñ€Ğ°Ñ‚Ğ¾Ğ²,19
25,T2 idÃ©alement situÃ©e,Lorient,33
26,à¸šà¹‰à¸²à¸™à¹€à¸„à¸µà¸¢à¸‡à¸˜à¸²à¸£à¸²3,Tambon Lan Khoi,30
27,Studio meublÃ© PrÃ©manon,PrÃ©manon,23
28,Casa Paraiso,"Taganga, Santa Marta",47
29,5å·çº¿/é•¿å²­é™‚åœ°é“å£/å¾¡å²­å…¬é¦†æˆ‘ç²¾è‡´çš„ç§äººå°Šäº«,Ğ¨ÑĞ½ÑŒÑ‡Ğ¶ÑĞ½ÑŒ,26
30,SuÃ­te aconchegante casal na praia de JurerÃª,JurerÃª,23
31,Serenity Corner  (WiFi+Netflix+Sanitised),Ğ˜ÑĞ»Ğ°Ğ¼Ğ°Ğ±Ğ°Ğ´,20
32,Luxury lodge with hot tub and sauna - Sage,Garnant,181
33,Apartamento â­ completo cerca al lleras â­ Blux 3,ĞœĞµĞ´ĞµĞ»ÑŒĞ¸Ğ½,29
34,Vila LusitÃ¢nia - Twin land view room,Ğ¤ÑƒĞ½Ñ‡Ğ°Ğ¹,35
35,"Ğ“Ğ¾ÑÑ‚ĞµĞ²Ğ¾Ğ¹ Ğ´Ğ¾Ğ¼  ""Suvorov """,Kostroma,18
36,ã€çŠç‘šæ¢¦å¢ƒã€‘ä¸œæ–¹å½±éƒ½æ˜Ÿå…‰å²›èåˆ›èŒ‚æ—æµ·æ™¯æ°‘å®¿ï¼Œç°ä»£å°æ¸…æ–°é£æ ¼ï¼Œå…¨æ–°æˆ¿æº,Ğ¦Ğ¸Ğ½Ğ´Ğ°Ğ¾,28
37,ç²¾å“ä¸€å®¤æˆ·è¿‘2å·çº¿åˆ›æ–°ä¸­è·¯,Ğ¨Ğ°Ğ½Ñ…Ğ°Ğ¹,17
38,Ap4you Ğ¡entral,Ivano-Frankivs'k,19
39,Chambre privative Ã  la nuit ou semaine. Ch4,Soyaux,20
40,ĞšĞ²Ğ°Ñ€Ñ‚Ğ¸Ñ€Ğ° Ğ³. ĞĞ¾Ñ€Ğ¸Ğ»ÑŒÑĞº,Norilsk,23
41,Petit studio situÃ© en plein centre-ville,Metz,23
42,Spectacular plunge pool &  terrace in Tulum,Ğ¢ÑƒĞ»ÑƒĞ¼,100
43,Ğ¡Ñ‚ÑƒĞ´Ğ¸Ñ Ğ½ĞµĞ´Ğ°Ğ»ĞµĞºĞ¾ Ğ¾Ñ‚ Ğ—Ğ¾Ğ¾Ğ¿Ğ°Ñ€ĞºĞ°,ĞĞ¾Ğ²Ğ¾ÑĞ¸Ğ±Ğ¸Ñ€ÑĞº,24
44,NOBATiA Guset house,Sheyakhah Oula,20
45,Superior Studio Flat 2 nd Floor,BeyoÄŸlu,18
46,Artemis Rooms,Sombor,8
47,Apartamento frente al mar primera linea playa,Caleta de VÃ©lez,94
48,Studio indÃ©pendant au pied de la colline,Mimet,19
49,Studio Aparment-Clean-Quiet-Full Natural Light,Quáº­n 1,18
50,"""La casita de al lado""",Toluca de Lerdo,13
51,Suite EstÃ¡ndar,Ğ¡Ğ°Ğ½-Ğ›ÑƒĞ¸Ñ-ĞŸĞ¾Ñ‚Ğ¾ÑĞ¸,23
52,å—æ¾³å²›æ¸©é¦¨å¥—æˆ¿ è·ç¦»å¸‚åŒºä»…5åˆ†é’Ÿè½¦ç¨‹ | äº¤é€šä¾¿åˆ© | 2ç±³è¶…å¤§åºŠèˆ’é€‚ç©ºé—´ | å¯ä½4äºº,Ğ¨Ğ°Ğ½ÑŒÑ‚Ğ¾Ñƒ,34
53,"Cosy single room with free WiFi, SmartTV, Netflix",ĞœĞ°Ğ»Ğ°Ğ³Ğ°,20
54,â˜†Nature â—Balcony+View â™¥ of Poblado â—100MbWiFi â—A/C,ĞœĞµĞ´ĞµĞ»ÑŒĞ¸Ğ½,36
55,Piso Mencia 312,ĞœĞ¾Ğ¹Ğ°ĞºĞ°Ñ€,33
56,"Centre ville Pornic, gÃ®te classÃ© 3*, 2/4 personnes",Pornic,54
57,Peaceful Gift,Ğ’Ğ¸Ğ»ÑŒĞ¼Ğ¸Ğ½Ğ³Ñ‚Ğ¾Ğ½,30
58,é‡åº†è·¯é…’åº—ï¼Œæ¸©é¦¨å¹²å‡€äººæ°‘å¹¿åœºåœ°é“ç«™é—¨å‰é…’åº—,Changchun,12
59,Casa espaÃ§osa e aconchegante em Torres-RS,Ğ¢Ğ¾Ñ€Ñ€ĞµÑ,15
60,Magnifique studio Ã  Romans,Romans-sur-IsÃ¨re,26
61,HabitaciÃ³n en arriendo todo incluÃ­do!,Ğ‘Ğ°Ñ€Ñ€Ğ°Ğ½ĞºĞ¸Ğ»ÑŒÑ,9
62,Spectacular plunge pool &  terrace in Tulum,Ğ¢ÑƒĞ»ÑƒĞ¼,100
63,é¢†åŒ…å…¥ä½ï¼Œç²¾è£…å…¬å¯“,Ğ¨Ğ°Ğ½Ñ…Ğ°Ğ¹,22
64,å‡¤å‡°å…¬å¯“ç²¾å“æ°‘å®¿,Binzhou,18
65,Travelto Leto Double Room,Sankt-Peterburg,19
66,Private bedroom with king bed,ĞœĞ¾Ğ½Ñ‚Ğ³Ğ¾Ğ¼ĞµÑ€Ğ¸,16
67,Ğ£ÑÑ‚Ğ½Ğ°Ñ ĞºĞ²Ğ°Ñ€Ñ‚Ğ¸Ñ€Ğ° ÑÑ‚ÑƒĞ´Ğ¸Ñ Ğ½Ğ° 40 Ğ»ĞµÑ‚ Ğ¿Ğ¾Ğ±ĞµĞ´Ñ‹ 51Ğ²,Tolyatti,18
68,Piso Mencia 312,ĞœĞ¾Ğ¹Ğ°ĞºĞ°Ñ€,33
69,Baleal Surf & Wild Beach House Room I,Ğ¤ĞµÑ€Ñ€ĞµĞ»,33
70,Studio Cosy,Tarascon-sur-AriÃ¨ge,28
71,Perranporth Chalets,ĞšĞ¾Ñ€Ğ½ÑƒĞ¾Ğ»Ğ»,30
72,é˜³å…‰å°èˆ_æ¬¡å§_å¢¨æ°´æ¹–/å½’å…ƒå¯º/å›½åš/é»„é¹¤æ¥¼,Ğ£Ñ…Ğ°Ğ½ÑŒ,20
73,äº”ä¸€å¹¿åœºã€æ©˜å­æ´²å¤´ã€å²³éº“å±±é™„è¿‘åœ°é“å£æ—¥å¼å¤å¼å…¬å¯“737,Ğ§Ğ°Ğ½ÑˆĞ°,26
74,åä¸­ç§‘æŠ€å¤§å­¦/åœ°é“äºŒå·çº¿/å…‰è°·ä½“è‚²é¦†/å…‰è°·å¹¿åœº/ç‹¬ç«‹å…¬å¯“ä¸€å±…å®¤/æ•´ç§Ÿ,Wuhan Shi,22
75,Hab. Sencilla en Altabrisa #4,MÃ©rida,16
76,Le Logis de la RiniÃ¨re,Le Landreau,52
77,Studio Carnac-plage idÃ©alement situÃ©,ĞšĞ°Ñ€Ğ½Ğ°Ğº,33
78,Loft 38mÂ² Reformado Asa Norte CLN 311,Asa Norte,21
79,Exclusive Shared Castle Nomme Tallinn Estonia,Ğ¢Ğ°Ğ»Ğ»Ğ¸Ğ½Ğ½,14
80,Logement Romans-sur-IsÃ¨re,Romans-sur-IsÃ¨re,13
81,Bright and spacious double room,Ğ‘Ğ¾Ğ»ÑŒÑˆĞ¾Ğ¹ Ğ›Ğ¾Ğ½Ğ´Ğ¾Ğ½,45
82,loft para vivir,ĞŸĞµÑ€ĞµĞ¹Ñ€Ğ°,18
83,CÃ³modo y sencillo. Departamento en (Zona Centro) 2,Ğ§Ğ¸Ñ…ÑƒĞ°Ñ…ÑƒĞ°,15
84,Peaceful Room,Ğ¢Ğ¾Ñ€Ğ¾Ğ½Ñ‚Ğ¾,20
85,å°æ¸…æ–°&å²³éº“å±±é£æ™¯&å°é›¨ä¹‹å®¶,Ğ§Ğ°Ğ½ÑˆĞ°,18
86,AlÃ©jate de todo pero dejando el mundo ahÃ­ al lado.,ĞĞ²ÑŒĞµĞ´Ğ¾,34
87,AFORDABLE BEDROOM ZONA RIO TJ,Tijuana,14
88,Bed in 6-Bed Mixed Dorm-beach  across the street.,ĞšĞ°Ğ½ĞºÑƒĞ½,13
89,Departamento a unos pasos de la Torre de Pemex,ĞœĞµÑ…Ğ¸ĞºĞ¾,19
90,éšä¸–ç¹å/ç²‰ä¸å…¬ä¸»å¤§åºŠæˆ¿/ä¸‡è¾¾å•†åœˆ/ä¸œç«™,Hohhot,20
91,"Bellissima, illuminata camera privata 2 letti.",Villa Verucchio,11
92,"Apartamentos A&A confort, seguro y a tu alcance",Ğ¢ĞµĞ³ÑƒÑĞ¸Ğ³Ğ°Ğ»ÑŒĞ¿Ğ°,24
93,Imperium Resident Kuantan Waterfront [ Sea-View ],Balok,53
94,Strelitzia Studio with Cenote & Pool by Windwoode,ĞŸĞ»Ğ°Ğ¹Ñ-Ğ´ĞµĞ»ÑŒ-ĞšĞ°Ñ€Ğ¼ĞµĞ½,24
95,"Cuarto en Zona Juriquilla con Alberca, Exclusiva.",Ğ¥ÑƒÑ€Ğ¸ĞºĞ¸Ğ»ÑŒÑ,25
96,Doorway Suites,BeyoÄŸlu,18
97,HabitaciÃ³n privada en Residencial Toscana,Lerma de Villada,10
98,The Oriental Village Chiangmai,Tambon On Klang,29
99,ä¿åˆ©é‡‘æ¡¥n+é’å¹´ç¤¾åŒº,Ğ¨Ğ°Ğ½Ñ…Ğ°Ğ¹,28
100,R8 Lulu Rooms Near By The Beach [Rooftop+Relaxing],ĞŸĞ»Ğ°Ğ¹Ñ-Ğ´ĞµĞ»ÑŒ-ĞšĞ°Ñ€Ğ¼ĞµĞ½,Ğ¦ĞµĞ½Ğ°:$17
101,Apartamento - Hotel Granlago,Jardim California,Ğ¦ĞµĞ½Ğ°:$14
102,æ¸©é¦¨çš„LOFTå…¬å¯“,Yangzhou,Ğ¦ĞµĞ½Ğ°:$23
103,Estudio cÃ©ntrico / The Aida's studio,ĞšĞ°Ğ½ĞºÑƒĞ½,Ğ¦ĞµĞ½Ğ°:$14
104,Espacio CÃ©ntrico,ĞœĞ¾Ñ€ĞµĞ»Ğ¸Ñ,Ğ¦ĞµĞ½Ğ°:$16
105,Cozy apt with balcony facing sunset and forest.,Tynnered,Ğ¦ĞµĞ½Ğ°:$34
106,Logement rÃ©novÃ© et meublÃ© au cÅ“ur de ville,Guingamp,Ğ¦ĞµĞ½Ğ°:$23
107,Chambre privÃ©e dans maison individuelle au calme,SablÃ©-sur-Sarthe,Ğ¦ĞµĞ½Ğ°:$32
108,HabitaciÃ³n CÃ©ntrica 9,Ğ¡Ğ°Ğ½-ĞœĞ¸Ğ³ĞµĞ»ÑŒ-Ğ´Ğµ-ĞĞ»ÑŒĞµĞ½Ğ´Ğµ,Ğ¦ĞµĞ½Ğ°:$19
109,executive suite home away from home,Ğ¡Ğ°ÑĞºĞ°Ñ‚ÑƒĞ½,Ğ¦ĞµĞ½Ğ°:$12
110,è¥¿ç«™ç›´è¾¾ è‰¯ä¹¡å¤§å­¦åŸåœ°é“ç«™ ã€å°ç†Šçš„åŠ¨æ¼«é¦†ã€‘æµ´ç¼¸ æµ·æ´‹çƒ æŠ•å½± æ¨±èŠ±,ĞŸĞµĞºĞ¸Ğ½,Ğ¦ĞµĞ½Ğ°:$32
111,Private own entrance granny flat,ĞšĞµĞ¹Ğ¿Ñ‚Ğ°ÑƒĞ½,Ğ¦ĞµĞ½Ğ°:$23
112,Belgrano Premium Apartment,Ğ‘ÑƒÑĞ½Ğ¾Ñ-ĞĞ¹Ñ€ĞµÑ,Ğ¦ĞµĞ½Ğ°:$18
113,Villa Aurora in Seminyak FREE SCOOTER,ĞšÑƒÑ‚Ğ°,Ğ¦ĞµĞ½Ğ°:$19
114,Cenote Lodge at Nahouse in Tulum,Ğ¢ÑƒĞ»ÑƒĞ¼,Ğ¦ĞµĞ½Ğ°:$58
115,Bunk 3 @Great Dane House - Home away from home,Il-MellieÄ§a,Ğ¦ĞµĞ½Ğ°:$12
116,Mango house A2 Vingardenia,Nam Tá»« LiÃªm,Ğ¦ĞµĞ½Ğ°:$18
117,Casa de los Naranjos.,MÃ©rida,Ğ¦ĞµĞ½Ğ°:$26
118,66 Ğ¼ĞµÑ‚Ñ€Ğ¾Ğ² Ğ² Ñ‚Ğ¸Ñ…Ğ¾Ğ¼ Ñ†ĞµĞ½Ñ‚Ñ€Ğµ,Ğ•ĞºĞ°Ñ‚ĞµÑ€Ğ¸Ğ½Ğ±ÑƒÑ€Ğ³,Ğ¦ĞµĞ½Ğ°:$16
119,"Coroa Ayuntamiento, Centro de Valencia + WIFI 1D",ValÃ¨ncia,Ğ¦ĞµĞ½Ğ°:$38
120,å½¼é‚»å—æ»¨è·¯åæ‹¥æˆç†Ÿå°åŒºæ¸©é¦¨å…¬å¯“,Ğ§ÑƒĞ½Ñ†Ğ¸Ğ½,20
121,Departamento privado en la calle del Taco,ĞšÑƒÑÑ€Ğ½Ğ°Ğ²Ğ°ĞºĞ¸,24
122,Knusse stadswoning met tuin,ĞÑ€Ğ½ĞµĞ¼,59
123,Lovely stone house with large private heated pool,Brioux-sur-Boutonne,232
124,Brigh room in the best zone (MalasaÃ±a),ĞœĞ°Ğ´Ñ€Ğ¸Ğ´,27
125,HabitaciÃ³n con baÃ±o,Ğ¢ĞµĞ¼ÑƒĞºĞ¾,10
126,ä¹¦é¦™ä¸–å®¶è±ªåå¤§åºŠæˆ¿,Ğ§ÑƒĞ½Ñ†Ğ¸Ğ½,20
127,Le Logis de la RiniÃ¨re,Le Landreau,52
128,PequeÃ±o estudio en El Morche,El Morche,12
129,å¥½ä¾¿å®œçš„æˆ¿å­,Ğ“ÑƒĞ°Ğ½Ñ‡Ğ¶Ğ¾Ñƒ,12
130,Departamento para 1 persona amueblado.,San NicolÃ¡s de los Garza,14
131,"Studio de 19m2, entiÃ¨rement rÃ©novÃ©",Tourrettes-sur-Loup,22
132,Quarto aconchegante no bairro PetrÃ³polis,ĞŸĞµÑ‚Ñ€Ğ¾Ğ¿Ğ¾Ğ»Ğ¸Ñ,9
133,"Riverside B&B clean, comfortable, and friendly",Llanrhaeadr-ym-Mochnant,29
134,Garden city 2007,ĞšĞ¾ÑÑ‚Ğ° ĞĞ´ĞµÑ…Ğµ,47
135,Catherine's Chateau   License #U20104124-0001,ĞĞ²Ñ€Ğ¾Ñ€Ğ°,35
136,Ğ£ÑÑ‚Ğ½Ğ°Ñ 3Ñ…-ĞºĞ¾Ğ¼ ĞºĞ²Ğ°Ñ€Ñ‚Ğ¸Ñ€Ğ° Ğ½Ğ° ĞšĞ¾Ğ¼ÑĞ¾Ğ¼Ğ¾Ğ»ÑŒÑĞºĞ¾Ğ¹ Ğ½Ğ°Ğ±ĞµÑ€ĞµĞ¶Ğ½Ğ¾Ğ¹,ĞÑÑ‚Ñ€Ğ°Ñ…Ğ°Ğ½ÑŒ,21
137,"CÃ³moda habitaciÃ³n, casa con jardÃ­n.",ĞœĞµÑ…Ğ¸ĞºĞ¾,16
138,Travelto Repina Comfort with balcony,Sankt-Peterburg,26
139,Casa Privada La Punta Zicatela,Brisas de Zicatela,29
140,ã€åœ¨çª—è¾¹æ™’æ™’å¤ªé˜³å¹å¹é£ã€‘è¿‘æ¬§ç¾é‡‘èåŸé˜¿é‡Œåœ°é“å£æ•´å¥—é«˜å±‚åŒåºŠç²¾è£…ä¿®,Ğ¥Ğ°Ğ½Ñ‡Ğ¶Ğ¾Ñƒ,30
141,ã€500 Milesã€‘å—äº¬å—ç«™/insé£è½»å·¥ä¸šé£/è®¾æ–½é½å…¨/é«˜å±‚/ä¸‡ç§‘é…’åº—å¼å…¬å¯“,ĞĞ°Ğ½ĞºĞ¸Ğ½,61
142,ã€ç´ å±…è°·ã€‘æœ±å®¶å°–æ¸©é¦¨ç§äº«ä¸­å¼é£å¤§åºŠå…­å·æˆ¿å¸¦å¤§çª—è¿‘ä¸œæ²™å¤§é’å±±æœ±8çº¿ç›´è¾¾,Zhoushan,22
143,CabaÃ±a GuatapÃ© con WIFI,Guatape,66
144,studio 4p zee/mÃ¨re/sea 30meter/tram/wifi&Tv,Oostende,39
145,Casa di Rita,Cumiana,23
146,"Midtown Studio, Relax and Enjoy !",ĞŸĞ»Ğ°Ğ¹Ñ-Ğ´ĞµĞ»ÑŒ-ĞšĞ°Ñ€Ğ¼ĞµĞ½,37
147,åšé³Œç‰å¸¦æ¹¾å…¨æ–°æµ·æ™¯åŒåºŠæˆ¿ï¼ˆé•‡ä¸­å¿ƒè¿‘æµ·è¾¹èƒ½åšé¥­å¯é•¿ç§Ÿï¼‰ï¼ˆäºŒå¥—ï¼‰,Qionghai,20
148,EdifÃ­cio Algarve-Apartamentos Mobiliados c/serviÃ§o,Ğ§ĞµĞ½Ñ‚Ñ€Ğ¾,20
149,"Casa ColibrÃ­ Pool, Terrace & Garden. Beach close",ĞŸÑƒÑÑ€Ñ‚Ğ¾-Ğ’Ğ°Ğ»ÑŒÑÑ€Ñ‚Ğ°,17
150,Charmante maisonnette dans corps de ferme rÃ©novÃ©,Irvillac,45
151,"Lv40 Sunrise Seaview Condo Balcony, 1km Gurney, 4",Ğ”Ğ¶Ğ¾Ñ€Ğ´Ğ¶-Ğ¢Ğ°ÑƒĞ½,18
152,Bel appartement avec parking,Ğ‘ĞµÑ€Ğ¶ĞµÑ€Ğ°Ğº,41
153,ÑÑ‚ÑƒĞ´Ğ¸Ñ Ğ² Ñ†ĞµĞ½Ñ‚Ñ€Ğµ ÑƒĞ».ĞšĞ¾Ğ¼Ğ¼ÑƒĞ½Ğ¸ÑÑ‚Ğ¸Ñ‡ĞµÑĞºĞ°Ñ,ĞÑÑ‚Ñ€Ğ°Ñ…Ğ°Ğ½ÑŒ,15
154,Ğ Ğ°ĞºĞµÑ‚Ğ°,Ğ¡Ğ°Ğ¼Ğ°Ñ€Ğ°,17
155,Seaview/Balcony/FreeWifi/JonkerStreet/Melaka/Town,ĞœĞ°Ğ»Ğ°ĞºĞºĞ°,31
156,Se renta habitaciÃ³n mal decorada,ĞœĞ¾Ğ½Ñ‚ĞµÑ€Ñ€ĞµĞ¹,8
157,KUKUL'IK STUDIOS | Cocina + HSI / Fibra Ã“ptica,Ğ¡Ğ°Ğ½-ĞšÑ€Ğ¸ÑÑ‚Ğ¾Ğ±Ğ°Ğ»ÑŒ Ğ´Ğµ Ğ»Ğ°Ñ ĞšĞ°ÑĞ°Ñ,16
158,RefÃºgio de ItaÃºna,Leigos,10
159,Warm winter sun,Ğ Ğ¾Ğ»Ğ¸,26
160,"Nette, gemÃ¼tliche Wohnung in Oettingen",Oettingen in Bayern,33
161,"Nedayu studio (sanitizedunit) (NETFLIX,WIFI,MOVIE)",ĞŸĞµÑ‚Ğ°Ğ»Ğ¸Ğ½Ğ³-Ğ”Ğ¶Ğ°Ñ,19
162,Seatown Cottage,Moray,70
163,Un lindo Apartamiento para sus vacaciones,Ğ¡Ğ°Ğ½Ñ‚Ğ¾-Ğ”Ğ¾Ğ¼Ğ¸Ğ½Ğ³Ğ¾,32
164,ì¡°ìš©í•œ ì „ì›ì£¼íƒí˜• íœì…˜ ì•Œë£¨í•˜ìš°ìŠ¤ 102í˜¸,"Seongsan-eup, Seogwipo-si",39
165,ChapÃ©u de Palha Tainha,Mariscal,10
166,Air Conditioned and Fiber Optic Jungle Getaway,ĞŸÑƒÑÑ€Ñ‚Ğ¾-Ğ’ÑŒĞµÑ…Ğ¾-Ğ´Ğµ-Ğ¢Ğ°Ğ»Ğ°Ğ¼Ğ°Ğ½ĞºĞ°,50
167,Masterbedroom + Ensuite,Blind Bay,15
168,Amplio Departamento Nuevo en Playa del Carmen,ĞŸĞ»Ğ°Ğ¹Ñ-Ğ´ĞµĞ»ÑŒ-ĞšĞ°Ñ€Ğ¼ĞµĞ½,11
169,TOTALLY PRIVATE POOL & TERRACE @ TULUM JUNGLE D1,Ğ¢ÑƒĞ»ÑƒĞ¼,87
170,Private & comfortable room + pool + location,ĞšĞ°Ğ½ĞºÑƒĞ½,16
171,Manor Farm - Sagittarius,Ğ¡Ğ°Ñ„Ñ„Ğ¾Ğ»Ğº,21
172,5 Mins walk to Bukit Bintang & KL City Centre 5,ĞšÑƒĞ°Ğ»Ğ°-Ğ›ÑƒĞ¼Ğ¿ÑƒÑ€,17
173,"Casa del parque , Chiprana",Chiprana,26
174,Excelente apto compartilhado com os anfitriÃµes.,Vila Izabel,9
175,"ĞĞ¾Ğ²Ğ°Ñ ĞºĞ²Ğ°Ñ€Ñ‚Ğ¸Ñ€Ğ° Ğ² ĞšÑ€Ğ°ÑĞ½Ğ¾Ğ´Ğ°Ñ€Ğµ , Ñ€ÑĞ´Ğ¾Ğ¼ ÑÑ‚Ğ°Ğ´Ğ¸Ğ¾Ğ½ Ğ¸ Ğ¿Ğ°Ñ€Ğº",ĞšÑ€Ğ°ÑĞ½Ğ¾Ğ´Ğ°Ñ€,14
176,Selina Cancun Laguna Hotel Zone - Small Room,ĞšĞ°Ğ½ĞºÑƒĞ½,37
177,Bedroom in a large apartment with a terrace,Lisboa,18
178,Aurora House Phu Quoc - Double Room,ThÃ nh phá»‘ PhÃº Quá»‘c,16
179,Shared room VIII - Friendly,ĞŸĞ¾Ñ€Ñ‚Ñƒ,10
180,The Cosy Corner,Ğ”Ğ¾Ñ€ÑĞµÑ‚,75
181,Flat prÃ³ximo a orla de Boa viagem,Boa Viagem,21
182,å°¹å±±æ¹–åœ°é“äºŒå·çº¿ä¸€å·å£è¾¹é˜³å…‰åŸç¿¡ä¸½æ¹¾åŒ—åŒºä¼˜è´¨å¤§åºŠå•é—´,Ğ¡ÑƒÑ‡Ğ¶Ğ¾Ñƒ,10
183,5 Mins walk to Bukit Bintang & KL City Centre 5,ĞšÑƒĞ°Ğ»Ğ°-Ğ›ÑƒĞ¼Ğ¿ÑƒÑ€,17
184,"ì•ˆë…•, ì• ì›”! - ì•ˆì±„2((ê³µìš©ë¶€ì—Œ&ìš•ì‹¤,ì• ì™„ë™ë¬¼ì²­ì†Œë¹„&í”½ì—…ë¹„ë¬¸ì˜)",Ğ§ĞµĞ´Ğ¶Ñƒ-ÑĞ¸,37
185,HOMEY AND COZY | 1BR IN MAKATI (08),Makati,22
186,"New!! CozyHome #6, 1 Bedroom, 350m to KLCC Tower",ĞšÑƒĞ°Ğ»Ğ°-Ğ›ÑƒĞ¼Ğ¿ÑƒÑ€,17
187,BEACHFRONT | AMAZING VIEWS TO TOWN | RESORT ACCESS,ĞŸÑƒÑÑ€Ñ‚Ğ¾-Ğ’Ğ°Ğ»ÑŒÑÑ€Ñ‚Ğ°,48
188,í•œë¦¼ì• (æ„›) 101í˜¸,"Hallim-eub, Jeju-si",45
189,å°å¾„æ¹¾åé‡Œé“¶æ»©æµ·è¾¹è¿‘ä¸‡è¾¾å•†åœˆæƒ å·å—ç«™ç¢§æ¡‚å›­åç¾è¾¾ç¿¡ç¿ å±±æ¸©é¦¨ç§äº«æŠ•å½±100å¯¸åŒäººæˆ¿,Huizhou,19
190,ĞšĞ²Ğ°Ñ€Ñ‚Ğ¸Ñ€Ğ° Ğ² Ğ’ĞµĞ½ĞµÑ†Ğ¸Ğ¸,Kostroma,12
191,Casa del Ãrbol Pinochueco (Patagonia),Huasca de Ocampo,60
192,Cozy apt with balcony facing sunset and forest.,Tynnered,34
193,Johor Bahru Home with a View,Ğ”Ğ¶Ğ¾Ñ…Ğ¾Ñ€-Ğ‘Ğ°Ñ€Ñƒ,15
194,FLAT 01 QUADRA DA PRAIA PITANGUEIRAS - BOULEVARD 1410,Ğ“ÑƒĞ°Ñ€ÑƒÑ…Ğ°,19
195,IncreÃ­ble loft en el corazÃ³n de coyoacan,ĞœĞµÑ…Ğ¸ĞºĞ¾,25
196,3 1/2 Montreal Downtown Apartment - July 2020,ĞœĞ¾Ğ½Ñ€ĞµĞ°Ğ»ÑŒ,23
197,Loft prÃ³ximo a praia do Pontal,Ğ Ğ¸Ğ¾-Ğ´Ğµ-Ğ–Ğ°Ğ½ĞµĞ¹Ñ€Ğ¾,12
198,æ•´ç§Ÿ16å·çº¿æƒ å—åœ°é“å£300ç±³ é…’åº—å¼å…¬å¯“ é•¿ç§Ÿä¼˜æƒ ,Ğ¨Ğ°Ğ½Ñ…Ğ°Ğ¹,10
199,Magic rÃ©sidence 2,El Aouina,18
200,æ‘©æ ¹360ä¸€å®¤ä¸€å…æƒ…ä¾£å‡ºè¡Œ,Nanyang,16
201,depa 3 min de playa y estrella de oro ADO costera,Acapulco de JuÃ¡rez,25
202,"ĞĞ¾Ğ²Ğ°Ñ ĞºĞ²Ğ°Ñ€Ñ‚Ğ¸Ñ€Ğ° Ğ² ĞšÑ€Ğ°ÑĞ½Ğ¾Ğ´Ğ°Ñ€Ğµ , Ñ€ÑĞ´Ğ¾Ğ¼ ÑÑ‚Ğ°Ğ´Ğ¸Ğ¾Ğ½ Ğ¸ Ğ¿Ğ°Ñ€Ğº",ĞšÑ€Ğ°ÑĞ½Ğ¾Ğ´Ğ°Ñ€,14
203,Aurora House Phu Quoc - Double Room,ThÃ nh phá»‘ PhÃº Quá»‘c,16
204,"Bachelorstays GK-1, Opposite M block market",ĞÑŒÑ-Ğ”ĞµĞ»Ğ¸,12
205,è¿‘æ­äºŒä¸­ã€ä¸­æ§ï¼Œæœå—å…¬å¯“ï¼Œæ— ä¸­ä»‹å¯çŸ­ç§ŸæŠ¼ä¸€ä»˜ä¸€,Ğ¥Ğ°Ğ½Ñ‡Ğ¶Ğ¾Ñƒ,15
206,Departamento con excelente ubicaciÃ³n!,ĞœĞµÑ…Ğ¸ĞºĞ¾,19
207,Entire 1 double bed flat in Canary Wharf,Ğ‘Ğ¾Ğ»ÑŒÑˆĞ¾Ğ¹ Ğ›Ğ¾Ğ½Ğ´Ğ¾Ğ½,64
208,æ¸åŒ—æ–°ç‰ŒåŠ éŸµå¶èŠ±å›­ å°åŒºç¯å¢ƒä¼˜é›… æ¡‚èŠ±é¦™å‘³å››æº¢,Ğ§ÑƒĞ½Ñ†Ğ¸Ğ½,14
209,ĞšĞ²Ğ°Ñ€Ñ‚Ğ¸Ñ€Ğ°-ÑÑ‚ÑƒĞ´Ğ¸Ñ Ğ½Ğ° ÑƒĞ». Ğ‘Ñ€. Ğ¥ÑƒÑĞ°Ğ¸Ğ½Ğ¾Ğ²Ñ‹Ñ… 2/2,ĞÑ€ĞµĞ½Ğ±ÑƒÑ€Ğ³,22
210,BUNK BED@DOMITORY BY THE RIVER NEAR JONKER STREET,ĞœĞ°Ğ»Ğ°ĞºĞºĞ°,8
211,Much affordable on longer stay,Windhoek,10
212,Flat no centro Joinville,Ğ§ĞµĞ½Ñ‚Ñ€Ğ¾,19
213,å°¹å±±æ¹–åœ°é“äºŒå·çº¿ä¸€å·å£è¾¹é˜³å…‰åŸç¿¡ä¸½æ¹¾åŒ—åŒºä¼˜è´¨å¤§åºŠå•é—´,Ğ¡ÑƒÑ‡Ğ¶Ğ¾Ñƒ,10
214,"Casa de las aves Valladolid . Alberca, WIFI, A/C",Valladolid,31
215,è§£æ”¾ç¢‘ã€æ´ªå´–æ´ï½èŠ±æ¶§-é˜,Ğ§ÑƒĞ½Ñ†Ğ¸Ğ½,22
216,Cozy one bedroom apartment in the heart of Amman,ĞĞ¼Ğ¼Ğ°Ğ½,10
217,åå¼ºå•†ä¸šä¸­å¿ƒ é«˜ç«¯å…¬å¯“ è¿‘ä¸‡è±¡åŸï¼Œè¿‘åœ°é“å½©ç”µå¡”é™„è¿‘,Ğ¨ÑĞ½ÑŒÑĞ½,12
218,HabitaciÃ³n y BaÃ±o privado en Mitras Centro,ĞœĞ¾Ğ½Ñ‚ĞµÑ€Ñ€ĞµĞ¹,9
219,å°å¾„æ¹¾åé‡Œé“¶æ»©æµ·è¾¹è¿‘ä¸‡è¾¾å•†åœˆæƒ å·å—ç«™ç¢§æ¡‚å›­åç¾è¾¾ç¿¡ç¿ å±±æ¸©é¦¨ç§äº«æŠ•å½±100å¯¸åŒäººæˆ¿,Huizhou,19
220,Kitinete boa vista,Boa Vista,10
221,J's House @ Kanvas Soho Cyberjaya Entire Apartmen,Ğ¡Ğ°Ğ¹Ğ±ĞµÑ€Ğ´Ğ¶Ğ°Ñ,19
222,"TBK VILLA10,5 mins vagator beach,Pvt pool &jacuzzi",Ğ¡ĞµĞ²ĞµÑ€Ğ½Ñ‹Ğ¹ Ğ“Ğ¾Ğ°,136
223,Atico Apartamento Loft Playa Victoria Cadiz,ĞšĞ°Ğ´Ğ¸Ğ·,76
224,HOSPEDAGEM COMPARTILHADA NA CASA ENXAIMEL EHLERT,Testo Central Alto,11
225,Chambre Ã  louer,AlenÃ§on,23
226,"OrlÃ©ans, Studio hyper centre",OrlÃ©ans,33
227,Spacious studio..downtown..near walmart and market,ĞšĞ°Ğ½ĞºÑƒĞ½,16
228,ĞĞ¿Ğ°Ñ€Ñ‚Ğ°Ğ¼ĞµĞ½Ñ‚Ñ‹ Terrace,Ğ¡Ğ¾Ñ‡Ğ¸,26
229,Madrize Hotel & Spa double room 1,Abidjan,24
230,HabitaciÃ³n en departamento (con Rooftop),Ğ¡Ğ°Ğ½-Ğ›ÑƒĞ¸Ñ-ĞŸĞ¾Ñ‚Ğ¾ÑĞ¸,11
231,"Studio proche gare, centre ville & plage ğŸ– ğŸ˜ â˜€ï¸ ğŸ›",Ğ›Ğµ-Ğ¡Ğ°Ğ±Ğ»ÑŒ Ğ´'ĞĞ»Ğ¾Ğ½,65
232,"The best location,  cozy rooms in a luxury villa",BucureÈ™ti,15
233,å…¨æ™¯è½åœ°çª—/é«˜æ¸…æŠ•å½±/ä¸­å¤®ç©ºè°ƒ/å¯åœè½¦/,Yibin,23
234,Kittredge Guest Suite,Kittredge,65
235,Marina,Ğ¦Ñ€Ğ¸ĞºĞ²ĞµĞ½Ğ¸Ñ†Ñ‹,34
236,å¤©æ²³æ™ºæ…§åŸä¸‡ç§‘ç±³é…·25å¹³è‡ªä½loftå¤§åºŠæˆ¿ å¹²å‡€ç®€æ´ ç¨‹åºå‘˜è‡ªä½,Ğ“ÑƒĞ°Ğ½Ñ‡Ğ¶Ğ¾Ñƒ,17
237,åšé³Œç‰å¸¦æ¹¾å…¨æ–°æµ·æ™¯å¤§åºŠæˆ¿ï¼ˆé•‡ä¸­å¿ƒè¿‘æµ·è¾¹èƒ½åšé¥­å¯é•¿ç§Ÿï¼‰ï¼ˆç‚¹å‡»å¤´åƒå¤šå¥—ï¼‰,Qionghai,27
238,Manawa Beach Flat (Apt. A03) - 60 metros do mar,Porto de Galinhas,29
239,"Friendly, sunny guest room",Backnang,12
240,ĞŸÑ€Ğ¾ÑÑ‚Ğ¾Ñ€Ğ½Ğ°Ñ ĞµĞ²Ñ€Ğ¾Ğ¿ĞµĞ¹ÑĞºĞ°Ñ ÑÑ‚ÑƒĞ´Ğ¸Ñ Ñ Ğ¢ĞµÑ€Ñ€Ğ°ÑĞ¾Ğ¹,ĞšĞ¸ĞµĞ²,25
241,â€œè‘³å­çš„House â€æ°‘å®¿ æ—¥å¼/å°æ¸…æ–°/ç®€çº¦/æ¸©é¦¨ï¼ˆå¯åšé¥­ èšä¼š ç‹¼äººæ€ æŠ•å½±ï¼‰,CN,29
242,Superior studio in full facility in old town,Tambon Hai Ya,10
243,Lovely and romantic loft in the woods,Ğ¡Ğ°Ğ½-ĞšÑ€Ğ¸ÑÑ‚Ğ¾Ğ±Ğ°Ğ»ÑŒ Ğ´Ğµ Ğ»Ğ°Ñ ĞšĞ°ÑĞ°Ñ,45
244,"Mansion for Entrepreneurs, Founders & VCs",Ğ¡Ğ°Ğ½-Ğ¤Ñ€Ğ°Ğ½Ñ†Ğ¸ÑĞºĞ¾,72
245,ç¾å…°æ¹–è¾¹Uå¤©åœ°æ—æ¸©é¦¨å°å±‹,Ğ¨Ğ°Ğ½Ñ…Ğ°Ğ¹,10
246,MissQ.Want to feel home for short time?:),US,14
247,Praia da Pipa ChalÃ© mobiliado / piscina e cozinha,Praia da Pipa,24
248,ã€ä¸‡è¾¾å¹¿åœºã€‘insç®€çº¦é£ï½æ°‘å®¿,Zhanjiang,24
249,Anfi del Mar/Puerto Anfi 5* 1 bedroom apartment,Arguineguin,123
250,Superior studio in full facility in old town,Tambon Hai Ya,10
251,æ‚ é—²æ—¶å…‰@æ¬¢ä¹æµ·å²¸/é¡ºå³°å±±å…¬å›­è½»å¥¢ä¸‰æˆ¿,Foshan,59
252,Lovely One Bedroom Flat - Canary Wharf Location,Ğ‘Ğ¾Ğ»ÑŒÑˆĞ¾Ğ¹ Ğ›Ğ¾Ğ½Ğ´Ğ¾Ğ½,60
253,"Location GÃ®te PrÃ©failles, 2 piÃ¨ces, 3 personnes",PrÃ©failles,58
254,Estudio Cerro San Pancho Full Equipment/Ocean View,San Francisco,22
255,ä¸œèƒ½é“¶æ»©è¶…çº§æµ·æ™¯æˆ¿,Huizhou,35
256,Nice and cozy remodeled apartment,Heroica Puebla de Zaragoza,15
257,Comodo departamento a 5 minutos del aeropuerto,Ciudad JuÃ¡rez,18
258,Chambre privÃ©e 4,Viry-ChÃ¢tillon,17
259,Apartamento en Zona 4 de Ciudad de Guatemala,Ciudad de Guatemala,25
260,"Villa Safari, Luxury 2 bedrooms villa in Seminyak",ĞšÑƒÑ‚Ğ°,42
261,Shared room IV - Friendly,ĞŸĞ¾Ñ€Ñ‚Ñƒ,11
262,ç¾å…°æ¹–è¾¹Uå¤©åœ°æ—æ¸©é¦¨å°å±‹,Ğ¨Ğ°Ğ½Ñ…Ğ°Ğ¹,10
263,ä¼Šé—´ä¸¨å¦å¤§ä¸¨æ­¥è¡Œè¡—ä¸¨é¼“æµªå±¿ä¸¨å—æ™®é™€å¯º,Ğ¡ÑĞ¼Ñ‹Ğ½ÑŒ,16
264,Offre spÃ©ciale Ã©tudiant mobil home mitoyen 1 ch,Angoulins,30
265,Flat de 1 quarto na boa vista,Boa Vista,17
266,ĞĞ´Ğ½Ğ¾ĞºĞ¾Ğ¼Ğ½Ğ°Ñ‚Ğ½Ğ°Ñ ĞºĞ¾Ğ¼Ñ„Ğ¾Ñ€Ñ‚Ğ°Ğ±ĞµĞ»ÑŒĞ½Ğ°Ñ ĞºĞ²Ğ°Ñ€Ñ‚Ğ¸Ñ€Ğ°,Kurchatov,21
267,~æ‚¦äº«æ°‘å®¿~èŠ±å›­å¼ç»¿åŒ–/æ¬£é›†å¤é•‡/ç‰ç¥¥é—¨åŸå¢™æ ¹/åœ°é“ä¸€å·çº¿/é’Ÿé¼“æ¥¼/å›æ°‘è¡—/éª¡é©¬å¸‚å•†ä¸šæ­¥è¡Œè¡—/ç²¾å“æˆ¿,Ğ¡Ğ¸Ğ°Ğ½ÑŒ,18
268,Room1@Sapz comfort at low price,Emalahleni,11
269,Lovely One Bedroom Flat - Canary Wharf Location,Ğ‘Ğ¾Ğ»ÑŒÑˆĞ¾Ğ¹ Ğ›Ğ¾Ğ½Ğ´Ğ¾Ğ½,60
270,CabaÃ±a en el bosque,Mesa de Jaimes,46
271,"Location GÃ®te PrÃ©failles, 2 piÃ¨ces, 3 personnes",PrÃ©failles,58
272,"Salt Light & Unity House

La Casa Sal Luz & Unidad",ĞĞ¹Ğ»Ğ°Ğ¼Ğ¾Ñ€Ğ°Ğ´Ğ°,395
273,Nice and cozy remodeled apartment,Heroica Puebla de Zaragoza,15
274,Comodo departamento a 5 minutos del aeropuerto,Ciudad JuÃ¡rez,18
275,"3 Bedroom Lodge, countryside setting & a lake view",Warton,72
276,ä¸œæˆ´æ²³é‡‘æ²™ç¾åœ°äº²æµ·ä¸¤å±…æ—¥ç§Ÿæˆ¿â‘¡,Huludao,26
277,ã€å¦äºŒå®¶ã€‘INSåŒ—æ¬§é£èˆ’é€‚å¤§åºŠæˆ¿ | ç‹¬å« | å®‰é™ç‹¬æ ‹åˆ«å¢… | è¿‘å›½è´¸ä¸–è´¸é‡‘ç‰›å²­ | å¯å¼€å‘ç¥¨,Ğ¥Ğ°Ğ¹ĞºĞ¾Ñƒ,13
278,Atico Apartamento Loft Playa Victoria Cadiz,ĞšĞ°Ğ´Ğ¸Ğ·,76
279,"Appartement lumineux avec toÃ®t-terrasse, MILLAU",Millau,33
280,Ethereal Inn,Maafushi,Ğ¦ĞµĞ½Ğ°:$25
281,La Palmita: Private Bed 4. Digital Nomade Ready,Ğ¢ÑƒĞ»ÑƒĞ¼,Ğ¦ĞµĞ½Ğ°:$12
282,â¤Lovely Cabin Perfect For Groups For Ski And Hikeâ¤,Ğ“Ğ¾Ğ»Ğ´ĞµĞ½,Ğ¦ĞµĞ½Ğ°:$48
283,Boca Towers,Boca del RÃ­o,Ğ¦ĞµĞ½Ğ°:$35
284,ğŸƒPetit Cocon RÃ©tais avec piscine & parking privÃ©ğŸ•Š,Ğ›Ğ°-Ğ¤Ğ»Ğ¾Ñ‚,Ğ¦ĞµĞ½Ğ°:$56
285,Female guest only^^,Ğ¡ÑƒÑ€Ñ€ĞµĞ¹,Ğ¦ĞµĞ½Ğ°:$23
286,"Cozy 1 bedroom, 4 guests, 300ft from beach",Canasvieiras,Ğ¦ĞµĞ½Ğ°:$12
287,åä¹â€¢æœŸé‡ï½œé‚»äº”ä¸€å¹¿åœº/IFSå›½é‡‘è¡—/é»„å…´å¹¿åœº/è§£æ”¾è¥¿è·¯/å—é—¨å£åœ°é“ç«™,Ğ§Ğ°Ğ½ÑˆĞ°,Ğ¦ĞµĞ½Ğ°:$34
288,Apartment in the center of Praia do Rosa II,Ğ˜Ğ¼Ğ±Ğ¸Ñ‚ÑƒĞ±Ğ°,Ğ¦ĞµĞ½Ğ°:$25
289,Nice and cozy remodeled apartment,Heroica Puebla de Zaragoza,Ğ¦ĞµĞ½Ğ°:$15
290,"T3 Tram ""Gare de Villeurbanne"", jolie terrasse",Ğ’Ğ¸Ğ»Ğ»ĞµÑ€Ğ±Ğ°Ğ½Ğ½,Ğ¦ĞµĞ½Ğ°:$34
291,Flat de 1 quarto na boa vista,Boa Vista,Ğ¦ĞµĞ½Ğ°:$17
292,"Naturaleza, Lujo y RelajaciÃ³n en ArmonÃ­a",Ğ¢Ñ€ĞµÑ-Ğ´Ğµ-ĞœĞ°Ğ¹Ğ¾,Ğ¦ĞµĞ½Ğ°:$27
293,Studio in Centro a San Dona di Piave,San DonÃ  di Piave,Ğ¦ĞµĞ½Ğ°:$8
294,Alojamiento EXPRESS.,ĞœĞµÑ…Ğ¸ĞºĞ¾,Ğ¦ĞµĞ½Ğ°:$22
295,"Cozy Studio Loft. Seguridad, privacidad y prÃ¡ctico",ĞœĞµÑ…Ğ¸ĞºĞ¾,Ğ¦ĞµĞ½Ğ°:$19
296,Baijan Hotel Baku,Ğ‘Ğ°ĞºÑƒ,Ğ¦ĞµĞ½Ğ°:$32
297,ĞšĞ²Ğ°Ñ€Ñ‚Ğ¸Ñ€Ğ°-Ğ¡Ñ‚ÑƒĞ´Ğ¸Ñ Ñ Ğ¿Ğ¾Ğ»Ğ½Ğ¾ÑÑ‚ÑŒÑ Ğ½Ğ¾Ğ²Ğ¾Ğ¹ Ğ¾Ğ±ÑÑ‚Ğ°Ğ½Ğ¾Ğ²ĞºĞ¾Ğ¹.,Sankt-Peterburg,Ğ¦ĞµĞ½Ğ°:$16
298,ĞĞ¿Ğ°Ñ€Ñ‚Ğ°Ğ¼ĞµĞ½Ñ‚Ñ‹ Ğ² Ğ´Ğ¾Ğ¼Ğµ Ğ±Ğ¸Ğ·Ğ½ĞµÑ-ĞºĞ»Ğ°ÑÑĞ° Ğ½Ğ° Ğ²Ñ‹ÑĞ¾ĞºĞ¾Ğ¼ ÑÑ‚Ğ°Ğ¶Ğµ,Ğ’Ğ»Ğ°Ğ´Ğ¸Ğ²Ğ¾ÑÑ‚Ğ¾Ğº,Ğ¦ĞµĞ½Ğ°:$45
299,"Beautiful house, walking distance to downtown.",Ğ¡Ğ°Ğ½-ĞœĞ¸Ğ³ĞµĞ»ÑŒ-Ğ´Ğµ-ĞĞ»ÑŒĞµĞ½Ğ´Ğµ,Ğ¦ĞµĞ½Ğ°:$50
300,Onsbjerg Hovedgade 4,Ğ¡Ğ°Ğ¼ÑÑ‘,46
301,Appartement T3 disponible face Ã  la mer,ChembÃ©nyoumba,25
302,Hermoso Loft en Casa en CoyoacÃ¡n!,ĞœĞµÑ…Ğ¸ĞºĞ¾,30
303,Spacious studio in Westlands near Sarit Centre.,ĞĞ°Ğ¹Ñ€Ğ¾Ğ±Ğ¸,20
304,Hermosa casa con vista el cerro del Tepozteco,TepoztlÃ¡n,75
305,"New, Trendy, Modern Flat @ Chapultepec",Ğ“Ğ²Ğ°Ğ´Ğ°Ğ»Ğ°Ñ…Ğ°Ñ€Ğ°,41
306,Charmante maisonnette,OrlÃ©ans,48
307,Private Room-beach right across the street.,ĞšĞ°Ğ½ĞºÑƒĞ½,54
308,Cozy Lakefront Cabin on Keweenaw Peninsula,Torch Lake Township,114
309,è¿‘æœºåœºå—ç«™ å±±è¥¿å¤§å­¦è´¢ç»å¤§å­¦ æ™‹é˜³è¡—é¾™åŸå¤§è¡— æ…ˆå–„å­¦æ ¡ å±±è¥¿å·¥å•†å­¦é™¢,Ğ¢Ğ°Ğ¹ÑĞ°Ğ½ÑŒ,31
310,AYASOFYA SUÄ°TES 1,Fatih,22
311,10Fâ€¢ç‹å®¶æ¹¾ åœ°é“å£ æ‘©å°”åŸ å¤§æ´‹ç™¾è´§ 100å¯¸æŠ•å½± åŠåºŠ å¤§åºŠå…¬å¯“,Ğ£Ñ…Ğ°Ğ½ÑŒ,30
312,"Casa al norte, amueblada, 3 habitaciones, patio",Ğ§Ğ¸Ñ…ÑƒĞ°Ñ…ÑƒĞ°,18
313,CÃ³modo y agradable departamento con hermosa vista,Acapulco de JuÃ¡rez,30
314,Juju Town: A Santa Cruz Redwoods Retreat,ĞĞ¿Ñ‚Ğ¾Ñ,123
315,"""Fermina"" Pintoresca Casa de Campo.",Mineral del Chico,66
316,Chick Plunge Pool in Seminyak FREE SCOOTER,ĞšÑƒÑ‚Ğ°,19
317,dpto/estudio cÃ©ntrico con alberca en rooftop,ĞŸĞ»Ğ°Ğ¹Ñ-Ğ´ĞµĞ»ÑŒ-ĞšĞ°Ñ€Ğ¼ĞµĞ½,33
318,Apartaestudio en Campobello excelente ubicaciÃ³n,PopayÃ¡n,17
319,å…‰è°·/ä¸­å—æ°‘æ—å¤§å­¦/æ­¦çºº/é‡‘åœ°å¤©æ‚¦,Ğ£Ñ…Ğ°Ğ½ÑŒ,16
320,Ğ­Ñ‚Ğ°Ğ»Ğ¾Ğ½,Sankt-Peterburg,28
321,Aconchego da Leda 3,Ğ§ĞµĞ½Ñ‚Ñ€Ğ¾,14
322,ã€æ‚¦æ›¼æ°‘å®¿ã€‘1å·æˆ¿insåŒ—æ¬§é£-ä¸‡è¾¾å•†åœˆ-å¸‚ä¸­å¿ƒ-å‡¯å¾·å¹¿åœº-é£æœºåœº-ç«è½¦ç«™-å°åŒºæ¥¼ä¸‹ç¾é£Ÿè¡—-æ‹ç…§æ‰“å¡,Mianyang,22
323,"Appartement en RDC, au calme, Ã  200 m de la plage!",ArgelÃ¨s-sur-Mer,59
324,Habitando corazÃ³n CDMX,ĞœĞµÑ…Ğ¸ĞºĞ¾,11
325,Ganz viel inklusive in aussergewÃ¶hnlicher Kulisse,Unteriberg,26
326,Chambre privÃ©e dans petit appartement,Codognan,18
327,Vive Playa del Carmen al estilo playero,ĞŸĞ»Ğ°Ğ¹Ñ-Ğ´ĞµĞ»ÑŒ-ĞšĞ°Ñ€Ğ¼ĞµĞ½,15
328,Villa Dont Cry Mamma in Seminyak(free scooter),ĞšÑƒÑ‚Ğ°,20
329,Boutique 1950s Cape Cod motel,Ğ¡ÑĞ½Ğ´Ğ²Ğ¸Ñ‡,102
330,Greenford Executive Suites 1BR ä¸€é—´å¼è¡Œæ”¿å¥—æˆ¿åŒå³°å¡”ç¾æ™¯ é˜æ¥¼ä¸Š,ĞšÑƒĞ°Ğ»Ğ°-Ğ›ÑƒĞ¼Ğ¿ÑƒÑ€,37
331,Mi depa en playa,ĞŸĞ»Ğ°Ğ¹Ñ-Ğ´ĞµĞ»ÑŒ-ĞšĞ°Ñ€Ğ¼ĞµĞ½,21
332,Apartamento aconchegante no centro de Joinville,Ğ§ĞµĞ½Ñ‚Ñ€Ğ¾,13
333,"Casa container, proximo as praias de trindade.",Novo Horizonte,15
334,Marcelo quitinete 1 UBATUBA  Capital do surf,Ğ£Ğ±Ğ°Ñ‚ÑƒĞ±Ğ°,14
335,Brand new studion flat London NW2,Ğ‘Ğ¾Ğ»ÑŒÑˆĞ¾Ğ¹ Ğ›Ğ¾Ğ½Ğ´Ğ¾Ğ½,46
336,Fishing Luxury Residences w Private Pool & kingBed,Punta Cana,145
337,Escapada RomÃ¡ntica en Acapulco,ĞĞºĞ°Ğ¿ÑƒĞ»ÑŒĞºĞ¾,54
338,é…’åº—å¼å…¬å¯“ï¼Œç²¾è£…ä¿®ï¼Œä¸“èŒç®¡å®¶æœåŠ¡ï¼Œä¸´è¿‘æ±‰å£ç«è½¦ç«™ï¼Œä¸‡æ¾å›­ï¼Œå‰åº†è¡—ï¼Œåœ°é“å…«å·çº¿ï¼Œé‡‘æ¡¥æ°¸æ—º,Ğ£Ñ…Ğ°Ğ½ÑŒ,16
339,ĞĞ²Ñ‚ĞµĞ½Ñ‚Ğ¸Ñ‡Ğ½Ğ¸Ğ¹ ĞµĞºĞ¾-Ğ±Ğ¾Ğ´Ğ¸Ğ½Ğ¾Ñ‡Ğ¾Ğº Ğ² Ğ¼Ğ°Ğ»ÑŒĞ¾Ğ²Ğ½Ğ¸Ñ‡Ñ–Ğ¹ Ğ¼Ñ–ÑÑ†ĞµĞ²Ğ¾ÑÑ‚Ñ–,Starosillya,8
340,"Quarto com varanda para o mar !Lindo,confortÃ¡vel",Ğ¤Ğ»Ğ¾Ñ€Ğ¸Ğ°Ğ½Ğ¾Ğ¿Ğ¾Ğ»Ğ¸Ñ,Ğ¦ĞµĞ½Ğ°:$26
341,Ğ­Ñ‚Ğ°Ğ»Ğ¾Ğ½,Sankt-Peterburg,Ğ¦ĞµĞ½Ğ°:$28
342,Brand new studion flat London NW2,Ğ‘Ğ¾Ğ»ÑŒÑˆĞ¾Ğ¹ Ğ›Ğ¾Ğ½Ğ´Ğ¾Ğ½,Ğ¦ĞµĞ½Ğ°:$46
343,å´‡å·¦å¸‚ç²¾é©¿æ°‘å®¿,Chongzuo Shi,Ğ¦ĞµĞ½Ğ°:$17
344,Modern private double room near York city centre,Holgate,Ğ¦ĞµĞ½Ğ°:$32
345,"T3 Tram ""Gare de Villeurbanne"", jolie terrasse",Ğ’Ğ¸Ğ»Ğ»ĞµÑ€Ğ±Ğ°Ğ½Ğ½,Ğ¦ĞµĞ½Ğ°:$34
346,å°æ¸…æ–°&å²³éº“å±±é£æ™¯&å°é›¨ä¹‹å®¶,Ğ§Ğ°Ğ½ÑˆĞ°,Ğ¦ĞµĞ½Ğ°:$18
347,NERINE - Turquoise Tree Homestays - Tivim,Tivim,Ğ¦ĞµĞ½Ğ°:$11
348,Los Pirineos - Loft Planta Baja,Ğ¡Ğ°Ğ½Ñ‚ÑŒÑĞ³Ğ¾-Ğ´Ğµ-ĞšĞµÑ€ĞµÑ‚Ğ°Ñ€Ğ¾,Ğ¦ĞµĞ½Ğ°:$15
349,Vive Playa del Carmen al estilo playero,ĞŸĞ»Ğ°Ğ¹Ñ-Ğ´ĞµĞ»ÑŒ-ĞšĞ°Ñ€Ğ¼ĞµĞ½,Ğ¦ĞµĞ½Ğ°:$15
350,walking distance from the beach with lovely views,Ä°Ã§meler,Ğ¦ĞµĞ½Ğ°:$8
351,Apartment in hanover (near subway station),Hannover,Ğ¦ĞµĞ½Ğ°:$28
352,Relaxing oceanfront loft,ĞšĞ°Ğ½ĞºÑƒĞ½,Ğ¦ĞµĞ½Ğ°:$28
353,Private Hotel Room in St. Julians (twin/dbl) STD1,San Ä iljan,Ğ¦ĞµĞ½Ğ°:$22
354,ç™½ç›’å­çŒ«å°å±…,Ğ§Ğ°Ğ½ÑˆĞ°,Ğ¦ĞµĞ½Ğ°:$12
355,ã€å­¦é•¿çš„ã€‘æ­¥æ­¥å¤§åºŠæˆ¿è¿‘èˆªå¤©ç§‘åˆ›è·¯/æ±Ÿç§‘å­¦é™¢/åæ¶¦ä¸‡å®¶/å¥¥ä½“ä¸­å¿ƒ/å¸¦å†°ç®±/ç¦¾ç¦¾æ°‘å®¿,Nanchang,Ğ¦ĞµĞ½Ğ°:$26
356,CÃ³modo y Exclusivo Apartaestudio- Apto 411,ĞÑ€Ğ¼ĞµĞ½Ğ¸Ñ,Ğ¦ĞµĞ½Ğ°:$23
357,Oportunidad de alojamiento en zona cÃ©ntrica del DN,Ğ¡Ğ°Ğ½Ñ‚Ğ¾-Ğ”Ğ¾Ğ¼Ğ¸Ğ½Ğ³Ğ¾,Ğ¦ĞµĞ½Ğ°:$10
358,AlÃ©jate de todo pero dejando el mundo ahÃ­ al lado.,ĞĞ²ÑŒĞµĞ´Ğ¾,Ğ¦ĞµĞ½Ğ°:$34
359,Loue petite chambre chez l'habitant,Issoudun,Ğ¦ĞµĞ½Ğ°:$23
360,Alojamiento EXPRESS.,ĞœĞµÑ…Ğ¸ĞºĞ¾,22
361,ğŸƒPetit Cocon RÃ©tais avec piscine & parking privÃ©ğŸ•Š,Ğ›Ğ°-Ğ¤Ğ»Ğ¾Ñ‚,56
362,Comodo departamento a 5 minutos del aeropuerto,Ciudad JuÃ¡rez,18
363,Baijan Hotel Baku,Ğ‘Ğ°ĞºÑƒ,32
364,"Cozy 1 bedroom, 4 guests, 300ft from beach",Canasvieiras,12
365,Chambre privÃ©e 4,Viry-ChÃ¢tillon,17
366,"Appartement lumineux avec toÃ®t-terrasse, MILLAU",Millau,33
367,Camera matrimoniale in centro a Pordenone,Pordenone,28
368,1-Ğº ĞºĞ²Ğ°Ñ€Ñ‚Ğ¸Ñ€Ğ° Ñ€ÑĞ´Ğ¾Ğ¼ Ñ Ğ°Ğ²Ñ‚Ğ¾Ğ²Ğ¾ĞºĞ·Ğ°Ğ»Ğ¾Ğ¼,Sterlitamak,15
369,Chez Adriano! Seu canto em Ã¡rea nobre.,Ğ˜Ñ‚Ğ°Ğ¹Ğ¼-Ğ‘Ğ¸Ğ±Ğ¸,25
370,ĞŸÑ€Ğ¾ÑÑ‚Ğ¾Ñ€Ğ½Ğ°Ñ Ğ¸ ÑĞ¾Ğ»Ğ½ĞµÑ‡Ğ½Ğ°Ñ ĞºĞ²Ğ°Ñ€Ñ‚Ğ¸Ñ€ĞºĞ° Ğ´Ğ»Ñ 4 Ñ‡ĞµĞ»Ğ¾Ğ²ĞµĞº,ĞšĞ°Ğ»Ğ¸Ğ½Ğ¸Ğ½Ğ³Ñ€Ğ°Ğ´,16
371,"T3 Tram ""Gare de Villeurbanne"", jolie terrasse",Ğ’Ğ¸Ğ»Ğ»ĞµÑ€Ğ±Ğ°Ğ½Ğ½,34
372,Hermosas habitaciones en zona super cÃ©ntrica,Heroica Puebla de Zaragoza,9
373,"Apartemen Bogor Icon, View Gunung, Nyaman - Room 1",Kecamatan Tanah Sereal,20
374,ã€è´©å–ç”Ÿæ´»Â·å£¹ã€æœ‰é…’æœ‰æ•…äº‹/å¯é™å¯é—¹/æ•´ç†å¿ƒæƒ…/æ²»æ„ˆç³»/1å·çº¿åœ°é“å£ç›´è¾¾è¥¿æ¹–/å°å½±é™¢/å¯åšé¥­/ä¼šæŠ•é£Ÿ,Ğ¥Ğ°Ğ½Ñ‡Ğ¶Ğ¾Ñƒ,21
375,ChapÃ©u de Palha Bombinhas,Mariscal,12
376,"Beautiful house, walking distance to downtown.",Ğ¡Ğ°Ğ½-ĞœĞ¸Ğ³ĞµĞ»ÑŒ-Ğ´Ğµ-ĞĞ»ÑŒĞµĞ½Ğ´Ğµ,50
377,ERKO Studio,PopeÈ™ti-Leordeni,18
378,ĞĞ¿Ğ°Ñ€Ñ‚Ğ°Ğ¼ĞµĞ½Ñ‚Ñ‹ Ğ² Ğ´Ğ¾Ğ¼Ğµ Ğ±Ğ¸Ğ·Ğ½ĞµÑ-ĞºĞ»Ğ°ÑÑĞ° Ğ½Ğ° Ğ²Ñ‹ÑĞ¾ĞºĞ¾Ğ¼ ÑÑ‚Ğ°Ğ¶Ğµ,Ğ’Ğ»Ğ°Ğ´Ğ¸Ğ²Ğ¾ÑÑ‚Ğ¾Ğº,45
379,å°æ¸…æ–°&å²³éº“å±±é£æ™¯&å°é›¨ä¹‹å®¶,Ğ§Ğ°Ğ½ÑˆĞ°,18
380,Studio in Centro a San Dona di Piave,San DonÃ  di Piave,8
381,Estudio Cerro San Pancho Full Equipment/Ocean View,San Francisco,22
382,ã€å¦äºŒå®¶ã€‘INSåŒ—æ¬§é£èˆ’é€‚å¤§åºŠæˆ¿ | ç‹¬å« | å®‰é™ç‹¬æ ‹åˆ«å¢… | è¿‘å›½è´¸ä¸–è´¸é‡‘ç‰›å²­ | å¯å¼€å‘ç¥¨,Ğ¥Ğ°Ğ¹ĞºĞ¾Ñƒ,13
383,Hermosa casa con vista el cerro del Tepozteco,TepoztlÃ¡n,74
384,The Stables at The Paddocks,Whaplode Drove,143
385,Comodo departamento a 5 minutos del aeropuerto,Ciudad JuÃ¡rez,18
386,Baijan Hotel Baku,Ğ‘Ğ°ĞºÑƒ,32
387,"Appartement lumineux avec toÃ®t-terrasse, MILLAU",Millau,33
388,Camera matrimoniale in centro a Pordenone,Pordenone,28
389,1-Ğº ĞºĞ²Ğ°Ñ€Ñ‚Ğ¸Ñ€Ğ° Ñ€ÑĞ´Ğ¾Ğ¼ Ñ Ğ°Ğ²Ñ‚Ğ¾Ğ²Ğ¾ĞºĞ·Ğ°Ğ»Ğ¾Ğ¼,Sterlitamak,15
390,Sobrado aconchegante Bertioga,Vila Clais,26
391,*Beachfront house* with private beach.,ĞšĞ°Ğ½ĞºÑƒĞ½,72
392,ë‹¤ìš°ë˜ë¯¼ë°• 4í˜¸ì‹¤,"Andeok-myeon, Seogwipo",47
393,Cozy Lakefront Cabin on Keweenaw Peninsula,Torch Lake Township,114
394,Apartamento incrÃ­vel no coraÃ§Ã£o do Itaim I023,Ğ˜Ñ‚Ğ°Ğ¹Ğ¼-Ğ‘Ğ¸Ğ±Ğ¸,36
395,Hermoso Loft 4,ĞšÑƒÑÑ€Ğ½Ğ°Ğ²Ğ°ĞºĞ¸,36
396,El Portalito,Ğ¢ĞµĞºĞ¸ÑĞºĞ¸Ğ°Ğ¿Ğ°Ğ½,23
397,Forget Me Not Cabin,Wasilla,75
398,Yurt on the Beach,Mahahual,17
399,ChapÃ©u de Palha Bombinhas,Mariscal,12
400,ĞÑ‚Ğ»Ğ¸Ñ‡Ğ½Ğ°Ñ ĞšĞ²Ğ°Ñ€Ñ‚Ğ¸Ñ€Ğ°,Moskva,20
401,ã€å¦äºŒå®¶ã€‘INSåŒ—æ¬§é£èˆ’é€‚å¤§åºŠæˆ¿ | ç‹¬å« | å®‰é™ç‹¬æ ‹åˆ«å¢… | è¿‘å›½è´¸ä¸–è´¸é‡‘ç‰›å²­ | å¯å¼€å‘ç¥¨,Ğ¥Ğ°Ğ¹ĞºĞ¾Ñƒ,13
402,Depas San NicolÃ¡s zona anahuac,San NicolÃ¡s de los Garza,14
403,BangalÃ´ Ãfrica com vista para o mar! :),SiriÃºba,28
404,Hermosa casa con vista el cerro del Tepozteco,TepoztlÃ¡n,74
405,CÃ³modo y agradable departamento con hermosa vista,Acapulco de JuÃ¡rez,30
406,Chick Plunge Pool in Seminyak FREE SCOOTER,ĞšÑƒÑ‚Ğ°,19
407,Comodo departamento a 5 minutos del aeropuerto,Ciudad JuÃ¡rez,18
408,Penang Macalister Georgetown 1BR 2-4pax,Ğ”Ğ¶Ğ¾Ñ€Ğ´Ğ¶-Ğ¢Ğ°ÑƒĞ½,24
409,Clean and Cozy Condo in EDSA Cubao,ĞšĞµÑĞ¾Ğ½-Ğ¡Ğ¸Ñ‚Ğ¸,24
410,Chambre privÃ©e 4,Viry-ChÃ¢tillon,17
411,è¿‘æœºåœºå—ç«™ å±±è¥¿å¤§å­¦è´¢ç»å¤§å­¦ æ™‹é˜³è¡—é¾™åŸå¤§è¡— æ…ˆå–„å­¦æ ¡ å±±è¥¿å·¥å•†å­¦é™¢,Ğ¢Ğ°Ğ¹ÑĞ°Ğ½ÑŒ,31
412,Camera matrimoniale in centro a Pordenone,Pordenone,28
413,Casa de Campo ChalÃ© Panzer,TimbÃ³,16
414,Loft vista al mar caribe y playa/ BEACH FRONT 1F,ĞšĞ°Ğ½ĞºÑƒĞ½,55
415,1-Ğº ĞºĞ²Ğ°Ñ€Ñ‚Ğ¸Ñ€Ğ° Ñ€ÑĞ´Ğ¾Ğ¼ Ñ Ğ°Ğ²Ñ‚Ğ¾Ğ²Ğ¾ĞºĞ·Ğ°Ğ»Ğ¾Ğ¼,Sterlitamak,15
416,"""HEALING PROJECT""-BADANG-B","Seongsan-eup, Seogwipo-si",37
417,The LEMONDROP Cottage,Ğ¤ÑƒĞ»Ğ»ĞµÑ€Ñ‚Ğ¾Ğ½,85
418,*Beachfront house* with private beach.,ĞšĞ°Ğ½ĞºÑƒĞ½,72
419,Hermosas habitaciones en zona super cÃ©ntrica,Heroica Puebla de Zaragoza,9
420,"[ë”ë¸” ì˜¤ì…˜](ë”ë¸”1, ê¸°ì¤€2/ìµœëŒ€2)/êµ¬ì¢Œí•´ì•ˆë„ë¡œ ê·¼ì²˜/DB","Gujwa-eup, Cheju",38
421,Ğ”Ğ¸Ğ·Ğ°Ğ¹Ğ½ĞµÑ€ÑĞºĞ°Ñ ÑÑ‚ÑƒĞ´Ğ¸Ñ Ğ² Â«Ğ¡ĞºĞ°Ğ½Ğ´Ğ¸Ğ½Ğ°Ğ²ÑĞºĞ¾Ğ¼ ÑÑ‚Ğ¸Ğ»ĞµÂ»!,ĞšÑ€Ğ°ÑĞ½Ğ¾Ğ´Ğ°Ñ€,18
422,Single Room in MontaÃ±ita,MontaÃ±ita,8
423,Marcelo quitinete 1 UBATUBA  Capital do surf,Ğ£Ğ±Ğ°Ñ‚ÑƒĞ±Ğ°,13
424,Cozy Attic 2bhk | Terrace With Mesmerizing View,Dudhli,29
425,Berte's Home (pertinho da praia),Balneario Cidade Atlantica,32
426,ĞĞ²Ñ‚ĞµĞ½Ñ‚Ğ¸Ñ‡Ğ½Ğ¸Ğ¹ ĞµĞºĞ¾-Ğ±Ğ¾Ğ´Ğ¸Ğ½Ğ¾Ñ‡Ğ¾Ğº Ğ² Ğ¼Ğ°Ğ»ÑŒĞ¾Ğ²Ğ½Ğ¸Ñ‡Ñ–Ğ¹ Ğ¼Ñ–ÑÑ†ĞµĞ²Ğ¾ÑÑ‚Ñ–,Starosillya,8
427,Ğ£ÑÑ‚Ğ½Ğ°Ñ ÑÑ‚ÑƒĞ´Ğ¸Ñ Ñƒ ĞœĞ¾ÑĞºĞ¾Ğ²ÑĞºĞ¾Ğ³Ğ¾ ĞšÑ€ĞµĞ¼Ğ»Ñ,ĞœĞ¾ÑĞºĞ²Ğ°,33
428,Ğ¡ĞµÑ€Ğ´Ñ†Ğµ ĞŸĞµÑ‚ĞµÑ€Ğ±ÑƒÑ€Ğ³Ğ°,Sankt-Peterburg,26
429,èµ›åšæœ‹å…‹æ¢¦å¹»æŠ•å½±æˆ¿,Ğ›Ğ°Ğ½Ñ‡Ğ¶Ğ¾Ñƒ,28
430,æ˜Ÿå›­æ°‘å®¿ã€ è¯·å…ˆçœ‹æè¿°/åå¸ˆæš¨å¤§/é‚®ç”µå­¦é™¢/å¹¿æŠ€å¸ˆ/å—åŒ»ä¸‰é™¢/å¤©æ²³å…¬å›­/å°10å•é—´,Ğ“ÑƒĞ°Ğ½Ñ‡Ğ¶Ğ¾Ñƒ,14
431,Aurora House Phu Quoc - Deluxe Double Pool View,ThÃ nh phá»‘ PhÃº Quá»‘c,19
432,ç™½ç›’å­çŒ«å°å±…,Ğ§Ğ°Ğ½ÑˆĞ°,12
433,Escapada RomÃ¡ntica en Acapulco,ĞĞºĞ°Ğ¿ÑƒĞ»ÑŒĞºĞ¾,54
434,Loft nuevo a sÃ³lo 5 minutos caminando del mar!,MazatlÃ¡n,26
435,Colocation dans mon appartement T2 de 48 m2,ĞšĞ°Ğ»ÑĞ¸Ñ€-Ğ­-ĞšÑĞ¸Ñ€,12
436,Cozy flat near forest,BanskÃ¡ Bystrica,14
437,"Hermoso apartamento super ubicado,",ĞšĞ°Ğ½ĞºÑƒĞ½,21
438,Departamento cÃ©ntrico; confortable y seguro,Poza Rica de Hidalgo,23
439,ã€æ‚¦æ›¼æ°‘å®¿ã€‘1å·æˆ¿insåŒ—æ¬§é£-ä¸‡è¾¾å•†åœˆ-å¸‚ä¸­å¿ƒ-å‡¯å¾·å¹¿åœº-é£æœºåœº-ç«è½¦ç«™-å°åŒºæ¥¼ä¸‹ç¾é£Ÿè¡—-æ‹ç…§æ‰“å¡,Mianyang,22
440,Jaime and Angelaâ€™s Private Suite,ĞÑ€Ğ»Ğ°Ğ½Ğ´Ğ¾,Ğ¦ĞµĞ½Ğ°:$37
441,Casa de praia Azul,BalneÃ¡rio Tupy,Ğ¦ĞµĞ½Ğ°:$21
442,Nice and cozy remodeled apartment,Heroica Puebla de Zaragoza,Ğ¦ĞµĞ½Ğ°:$15
443,Chambre privÃ©e 4,Viry-ChÃ¢tillon,Ğ¦ĞµĞ½Ğ°:$17
444,Painted with wood,Ğ“Ğ´Ğ°Ğ½ÑŒÑĞº,Ğ¦ĞµĞ½Ğ°:$18
445,#ë„·í”Œë¦­ìŠ¤ #í˜¸í…”ì¹¨êµ¬ #ê³ ì¸µí™˜ìƒë·° #47ì¸ì¹˜í‹°ë¹„ #ì„¼íŠ¸ëŸ´íŒŒí¬ë·° #ë°”ë‹¤ë·° #ì¸ì²œëŒ€ì…êµ¬ì—­,"Songdo-dong, Yeonsu-gu",Ğ¦ĞµĞ½Ğ°:$49
446,Depas San NicolÃ¡s zona anahuac,San NicolÃ¡s de los Garza,Ğ¦ĞµĞ½Ğ°:$14
447,ã€å¦äºŒå®¶ã€‘INSåŒ—æ¬§é£èˆ’é€‚å¤§åºŠæˆ¿ | ç‹¬å« | å®‰é™ç‹¬æ ‹åˆ«å¢… | è¿‘å›½è´¸ä¸–è´¸é‡‘ç‰›å²­ | å¯å¼€å‘ç¥¨,Ğ¥Ğ°Ğ¹ĞºĞ¾Ñƒ,Ğ¦ĞµĞ½Ğ°:$13
448,Casa 3 en ciudad y cerca atractivos turÃ­sticos.,Poza Rica de Hidalgo,Ğ¦ĞµĞ½Ğ°:$21
449,"3 Bedroom Lodge, countryside setting & a lake view",Warton,Ğ¦ĞµĞ½Ğ°:$72
450,Lovely One Bedroom Flat - Canary Wharf Location,Ğ‘Ğ¾Ğ»ÑŒÑˆĞ¾Ğ¹ Ğ›Ğ¾Ğ½Ğ´Ğ¾Ğ½,Ğ¦ĞµĞ½Ğ°:$59
451,IncreÃ­ble ubicaciÃ³n Aguacatala el Poblado 1 hab,ĞœĞµĞ´ĞµĞ»ÑŒĞ¸Ğ½,Ğ¦ĞµĞ½Ğ°:$20
452,Aluga-se SuÃ­te Jardim Soares,Jardim Soares,Ğ¦ĞµĞ½Ğ°:$10
453,Comfortable Studio Tulum Downtown,Ğ¢ÑƒĞ»ÑƒĞ¼,Ğ¦ĞµĞ½Ğ°:$51
454,Belcanto/The enchanted land where dreams come true,Ğ’Ğ»Ğ°Ğ´Ğ¸Ğ²Ğ¾ÑÑ‚Ğ¾Ğº,Ğ¦ĞµĞ½Ğ°:$29
455,ç¾å…°æ¹–è¾¹Uå¤©åœ°æ—æ¸©é¦¨å°å±‹,Ğ¨Ğ°Ğ½Ñ…Ğ°Ğ¹,Ğ¦ĞµĞ½Ğ°:$10
456,CÃ³modo mini depa en la mejor ubicaciÃ³n,LeÃ³n,Ğ¦ĞµĞ½Ğ°:$10
457,Departamento con gran ubicaciÃ³n en Rosario,KZD,Ğ¦ĞµĞ½Ğ°:$12
458,Studio in Centro a San Dona di Piave,San DonÃ  di Piave,Ğ¦ĞµĞ½Ğ°:$8
459,Privatzimmer mit Gartenzugang und eigenem Bad,Bergisch Gladbach,Ğ¦ĞµĞ½Ğ°:$19
460,Jaime and Angelaâ€™s Private Suite,ĞÑ€Ğ»Ğ°Ğ½Ğ´Ğ¾,37
461,Casa de praia Azul,BalneÃ¡rio Tupy,21
462,Nice and cozy remodeled apartment,Heroica Puebla de Zaragoza,15
463,Chambre privÃ©e 4,Viry-ChÃ¢tillon,17
464,Painted with wood,Ğ“Ğ´Ğ°Ğ½ÑŒÑĞº,18
465,#ë„·í”Œë¦­ìŠ¤ #í˜¸í…”ì¹¨êµ¬ #ê³ ì¸µí™˜ìƒë·° #47ì¸ì¹˜í‹°ë¹„ #ì„¼íŠ¸ëŸ´íŒŒí¬ë·° #ë°”ë‹¤ë·° #ì¸ì²œëŒ€ì…êµ¬ì—­,"Songdo-dong, Yeonsu-gu",49
466,Depas San NicolÃ¡s zona anahuac,San NicolÃ¡s de los Garza,14
467,ã€å¦äºŒå®¶ã€‘INSåŒ—æ¬§é£èˆ’é€‚å¤§åºŠæˆ¿ | ç‹¬å« | å®‰é™ç‹¬æ ‹åˆ«å¢… | è¿‘å›½è´¸ä¸–è´¸é‡‘ç‰›å²­ | å¯å¼€å‘ç¥¨,Ğ¥Ğ°Ğ¹ĞºĞ¾Ñƒ,13
468,Casa 3 en ciudad y cerca atractivos turÃ­sticos.,Poza Rica de Hidalgo,21
469,"3 Bedroom Lodge, countryside setting & a lake view",Warton,72
470,Lovely One Bedroom Flat - Canary Wharf Location,Ğ‘Ğ¾Ğ»ÑŒÑˆĞ¾Ğ¹ Ğ›Ğ¾Ğ½Ğ´Ğ¾Ğ½,59
471,IncreÃ­ble ubicaciÃ³n Aguacatala el Poblado 1 hab,ĞœĞµĞ´ĞµĞ»ÑŒĞ¸Ğ½,20
472,Aluga-se SuÃ­te Jardim Soares,Jardim Soares,10
473,Comfortable Studio Tulum Downtown,Ğ¢ÑƒĞ»ÑƒĞ¼,51
474,Belcanto/The enchanted land where dreams come true,Ğ’Ğ»Ğ°Ğ´Ğ¸Ğ²Ğ¾ÑÑ‚Ğ¾Ğº,29
475,ç¾å…°æ¹–è¾¹Uå¤©åœ°æ—æ¸©é¦¨å°å±‹,Ğ¨Ğ°Ğ½Ñ…Ğ°Ğ¹,10
476,CÃ³modo mini depa en la mejor ubicaciÃ³n,LeÃ³n,10
477,Departamento con gran ubicaciÃ³n en Rosario,KZD,12
478,Studio in Centro a San Dona di Piave,San DonÃ  di Piave,8
479,Privatzimmer mit Gartenzugang und eigenem Bad,Bergisch Gladbach,19
480,Bel appartement T2  55m2 route de Suzini,Remire-Montjoly,55
481,â˜… Beachfront â˜… Ocean view  â˜… Gated  2BR w/ Parking,BÃ¡varo ,48
482,Tao's Inn - Room with Two Queen Beds,Ğ£ÑÑÑ‚-Ğ™ĞµĞ»Ğ»Ğ¾ÑƒÑÑ‚Ğ¾ÑƒĞ½,129
483,Ganz viel inklusive in aussergewÃ¶hnlicher Kulisse,Unteriberg,26
484,"í‚¤ì•„ì˜¤ë¼(Kiaora) ë°”ë‹¤ë·°
ì„±ì‚°ì¼ì¶œë´‰,ì„­ì§€ì½”ì§€,ìš°ë„,ë¹›ì˜ë²™ì»¤ ê´‘ì¹˜ê¸°í•´ë³€ ê´€ê´‘ì˜ ìµœì ì§€","Seongsan-eup, Seogwipo",41
485,æ±Ÿè¾¹èˆ’é€‚å¤§åºŠæˆ¿,ĞĞ°Ğ½ĞºĞ¸Ğ½,23
486,"TBK VILLA10,5 mins vagator beach,Pvt pool &jacuzzi",Ğ¡ĞµĞ²ĞµÑ€Ğ½Ñ‹Ğ¹ Ğ“Ğ¾Ğ°,136
487,Cozy Attic 2bhk | Terrace With Mesmerizing View,Dudhli,29
488,Tu lugar escondido.,Ğ¡Ğ°Ğ½Ñ‚Ğ¾-Ğ”Ğ¾Ğ¼Ğ¸Ğ½Ğ³Ğ¾,36
489,Oceanfront Resort Condo with Amazing View (#1244),ĞŸÑƒÑÑ€Ñ‚Ğ¾-Ğ’Ğ°Ğ»ÑŒÑÑ€Ñ‚Ğ°,38
490,NEW Sky's residence @ M Roof 1 King Size Bed,Ğ˜Ğ¿Ğ¾Ñ…,23
491,No. 3  ~2bdrm apt Cozy home feels+hotel luxury~,Ğ˜ÑĞ»Ğ°-ĞœÑƒÑ…ĞµÑ€ĞµÑ,35
492,Maison dans village blanc d andalousie,ĞšĞ°ÑĞ°Ñ€ĞµÑ,33
493,"ÃšNICO FRENTE A LOS ARCOS , VISTA INCREÃBLE,JACUZZI",Ğ¡Ğ°Ğ½Ñ‚ÑŒÑĞ³Ğ¾-Ğ´Ğµ-ĞšĞµÑ€ĞµÑ‚Ğ°Ñ€Ğ¾,50
494,Oportunidad de alojamiento en zona cÃ©ntrica del DN,Ğ¡Ğ°Ğ½Ñ‚Ğ¾-Ğ”Ğ¾Ğ¼Ğ¸Ğ½Ğ³Ğ¾,10
495,Ğ­Ñ‚Ğ°Ğ»Ğ¾Ğ½,Sankt-Peterburg,28
496,Aconchego da Leda 3,Ğ§ĞµĞ½Ñ‚Ñ€Ğ¾,14
497,Studio in Centro a San Dona di Piave,San DonÃ  di Piave,8
498,"HabitaciÃ³n FLAMBOYANT, independiente con alberca!",Crucecita,30
499,"Friendly, sunny guest room",Backnang,12
500,ĞœĞ°Ğ»Ğ°Ñ ĞÑ…Ñ‚Ğ°,Sankt-Peterburg,26
501,ĞĞ¿Ğ°Ñ€Ñ‚Ğ°Ğ¼ĞµĞ½Ñ‚Ñ‹ Ğ² Ğ´Ğ¾Ğ¼Ğµ Ğ±Ğ¸Ğ·Ğ½ĞµÑ-ĞºĞ»Ğ°ÑÑĞ° Ğ½Ğ° Ğ²Ñ‹ÑĞ¾ĞºĞ¾Ğ¼ ÑÑ‚Ğ°Ğ¶Ğµ,Ğ’Ğ»Ğ°Ğ´Ğ¸Ğ²Ğ¾ÑÑ‚Ğ¾Ğº,45
502,Cozy Seaview Studio Suite Near Queensbay,Bayan Lepas,34
503,"T3 Tram ""Gare de Villeurbanne"", jolie terrasse",Ğ’Ğ¸Ğ»Ğ»ĞµÑ€Ğ±Ğ°Ğ½Ğ½,34
504,Ãtico fresco con acceso a piscina / camina playa,BoquerÃ³n,30
505,Dikimevi metrosu Ã¶nÃ¼nde Ã¶zel oda,Ğ§Ğ°Ğ½ĞºĞ°Ñ,10
506,Apartamento incrÃ­vel no coraÃ§Ã£o do Itaim I023,Ğ˜Ñ‚Ğ°Ğ¹Ğ¼-Ğ‘Ğ¸Ğ±Ğ¸,36
507,"Apartemen Bogor Icon, View Gunung, Nyaman - Room 1",Kecamatan Tanah Sereal,20
508,ã€è´©å–ç”Ÿæ´»Â·å£¹ã€æœ‰é…’æœ‰æ•…äº‹/å¯é™å¯é—¹/æ•´ç†å¿ƒæƒ…/æ²»æ„ˆç³»/1å·çº¿åœ°é“å£ç›´è¾¾è¥¿æ¹–/å°å½±é™¢/å¯åšé¥­/ä¼šæŠ•é£Ÿ,Ğ¥Ğ°Ğ½Ñ‡Ğ¶Ğ¾Ñƒ,21
509,"HabitaciÃ³n FLAMBOYANT, independiente con alberca!",Crucecita,30
510,Studio au calme,Frouard,19
511,å°æ¸…æ–°&å²³éº“å±±é£æ™¯&å°é›¨ä¹‹å®¶,Ğ§Ğ°Ğ½ÑˆĞ°,18
512,Los Pirineos - Loft Planta Baja,Ğ¡Ğ°Ğ½Ñ‚ÑŒÑĞ³Ğ¾-Ğ´Ğµ-ĞšĞµÑ€ĞµÑ‚Ğ°Ñ€Ğ¾,15
513,Vive Playa del Carmen al estilo playero,ĞŸĞ»Ğ°Ğ¹Ñ-Ğ´ĞµĞ»ÑŒ-ĞšĞ°Ñ€Ğ¼ĞµĞ½,15
514,FLAT Batel/Centro,Ğ§ĞµĞ½Ñ‚Ñ€Ğ¾,20
515,Loft nuevo a sÃ³lo 5 minutos caminando del mar!,MazatlÃ¡n,26
516,Helena Suites,ĞĞ°ĞºÑƒÑ€Ñƒ,15
517,Oakwood Style Studio @Experience Locals Lifestyle,Ho Chi Minh,18
518,Private Cottage by the River with Forest Views,South Ayrshire,75
519,ä¹å¤©é™¶ç¤¾ä¹å¤©åˆ›æ„é›†å¸‚ä¸€æ£®æ³¥ç¤¾é™¶æºªå·é™„è¿‘æ–¹ä¾¿å­¦ä¹ æ¸¸ç© æ¸…çˆ½å‘é˜³å°å±‹,Jingdezhen,12
520,"Bright double room, perfect for a work & rest mix",Ğ‘Ğ¾Ğ»ÑŒÑˆĞ¾Ğ¹ Ğ›Ğ¾Ğ½Ğ´Ğ¾Ğ½,32
521,"Hunter Cherubini Sailboat, â€œSeeseaâ€ 30 foot.",ĞšĞ¸-Ğ£ÑÑÑ‚,102
522,ë‹¤ìš°ë˜ë¯¼ë°• 4í˜¸ì‹¤,"Andeok-myeon, Seogwipo",47
523,Apartamento incrÃ­vel no coraÃ§Ã£o do Itaim I023,Ğ˜Ñ‚Ğ°Ğ¹Ğ¼-Ğ‘Ğ¸Ğ±Ğ¸,36
524,Hermoso Loft 4,ĞšÑƒÑÑ€Ğ½Ğ°Ğ²Ğ°ĞºĞ¸,36
525,Maisonnette avec jardin clos Ã  400m de la plage,Saint-Nic,35
526,Yurt on the Beach,Mahahual,17
527,Flat novo ideal para casais e solteiros (15m2),Bom Retiro,10
528,"HabitaciÃ³n FLAMBOYANT, independiente con alberca!",Crucecita,30
529,Brand new studion flat London NW2,Ğ‘Ğ¾Ğ»ÑŒÑˆĞ¾Ğ¹ Ğ›Ğ¾Ğ½Ğ´Ğ¾Ğ½,52
530,"BONITA CASA NUEVA, BIEN UBICADA",MazatlÃ¡n,25
531,ERKO Studio,PopeÈ™ti-Leordeni,18
532,Modern private double room near York city centre,Holgate,32
533,å°æ¸…æ–°&å²³éº“å±±é£æ™¯&å°é›¨ä¹‹å®¶,Ğ§Ğ°Ğ½ÑˆĞ°,18
534,Vive Playa del Carmen al estilo playero,ĞŸĞ»Ğ°Ğ¹Ñ-Ğ´ĞµĞ»ÑŒ-ĞšĞ°Ñ€Ğ¼ĞµĞ½,15
535,Loft nuevo a sÃ³lo 5 minutos caminando del mar!,MazatlÃ¡n,26
536,ç™½ç›’å­çŒ«å°å±…,Ğ§Ğ°Ğ½ÑˆĞ°,12
537,ã€å­¦é•¿çš„ã€‘æ­¥æ­¥å¤§åºŠæˆ¿è¿‘èˆªå¤©ç§‘åˆ›è·¯/æ±Ÿç§‘å­¦é™¢/åæ¶¦ä¸‡å®¶/å¥¥ä½“ä¸­å¿ƒ/å¸¦å†°ç®±/ç¦¾ç¦¾æ°‘å®¿,Nanchang,26
538,HabitaciÃ³n estÃ¡ndar c/ alberca y Roof Garden.,Holbox,23
539,Alojamiento Flotante del  Titicaca,Puno,14
540,é‡‘è‰²ç«¹ ä¿® é“é™¢  The Golden Bamboo Abbey,Ğ“Ğ¾Ğ½Ğ¾Ğ»ÑƒĞ»Ñƒ,40
541,Spacious WATERFRONT apartment HIKING & DOWNTOWN,Ğ¢ĞµĞ¼Ğ¿Ğµ,93
542,Tao's Inn - Room with Two Queen Beds,Ğ£ÑÑÑ‚-Ğ™ĞµĞ»Ğ»Ğ¾ÑƒÑÑ‚Ğ¾ÑƒĞ½,129
543,Aluga-se SuÃ­te Jardim Soares,Jardim Soares,10
544,San Juan Cozy apartment,Ğ¡Ğ°Ğ½-Ğ¥ÑƒĞ°Ğ½,46
545,Home away,Lahore,8
546,"ÃšNICO FRENTE A LOS ARCOS , VISTA INCREÃBLE,JACUZZI",Ğ¡Ğ°Ğ½Ñ‚ÑŒÑĞ³Ğ¾-Ğ´Ğµ-ĞšĞµÑ€ĞµÑ‚Ğ°Ñ€Ğ¾,50
547,IncreÃ­ble ubicaciÃ³n Aguacatala el Poblado 1 hab,ĞœĞµĞ´ĞµĞ»ÑŒĞ¸Ğ½,20
548,ã€æ‚¦æ›¼æ°‘å®¿ã€‘1å·æˆ¿insåŒ—æ¬§é£-ä¸‡è¾¾å•†åœˆ-å¸‚ä¸­å¿ƒ-å‡¯å¾·å¹¿åœº-é£æœºåœº-ç«è½¦ç«™-å°åŒºæ¥¼ä¸‹ç¾é£Ÿè¡—-æ‹ç…§æ‰“å¡,Mianyang,22
549,Beautiful House with private pool,ĞšĞ°Ğ½ĞºÑƒĞ½,45
550,Studio au calme,Frouard,19
551,Studio in Centro a San Dona di Piave,San DonÃ  di Piave,8
552,"HabitaciÃ³n FLAMBOYANT, independiente con alberca!",Crucecita,30
553,ĞšĞ²Ğ°Ñ€Ñ‚Ğ¸Ñ€Ğ°-Ğ¡Ñ‚ÑƒĞ´Ğ¸Ñ Ñ Ğ¿Ğ¾Ğ»Ğ½Ğ¾ÑÑ‚ÑŒÑ Ğ½Ğ¾Ğ²Ğ¾Ğ¹ Ğ¾Ğ±ÑÑ‚Ğ°Ğ½Ğ¾Ğ²ĞºĞ¾Ğ¹.,Sankt-Peterburg,15
554,QUIET LUXURY IN HEART OF WINE COUNTRY,ĞĞ¸Ğ°Ğ³Ğ°Ñ€Ğ°-Ğ½Ğ°-Ğ¾Ğ·ĞµÑ€Ğµ,110
555,Private Hotel Room in St. Julians (twin/dbl) STD1,San Ä iljan,22
556,Los Pirineos - Loft Planta Baja,Ğ¡Ğ°Ğ½Ñ‚ÑŒÑĞ³Ğ¾-Ğ´Ğµ-ĞšĞµÑ€ĞµÑ‚Ğ°Ñ€Ğ¾,15
557,Vive Playa del Carmen al estilo playero,ĞŸĞ»Ğ°Ğ¹Ñ-Ğ´ĞµĞ»ÑŒ-ĞšĞ°Ñ€Ğ¼ĞµĞ½,15
558,"La Jauna, Casa del Ãrbol",Ğ¡Ğ°Ğ½Ñ‚Ğ°-ĞœĞ°Ñ€Ñ‚Ğ°,10
559,"Studio cosy, rennes Centre (proche HÃ´tel Dieu)",Ğ ĞµĞ½Ğ½ĞµÑ,45
560,"Hermoso apartamento super ubicado,",ĞšĞ°Ğ½ĞºÑƒĞ½,Ğ¦ĞµĞ½Ğ°:$21
561,"Aeropuerto, Foro sol, Palacio de los deportes",ĞœĞµÑ…Ğ¸ĞºĞ¾,Ğ¦ĞµĞ½Ğ°:$16
562,La maisonnette hyper centre,Ğ¨Ğ°Ñ€Ñ‚Ñ€,Ğ¦ĞµĞ½Ğ°:$53
563,Alojamiento en pleno corazÃ³n de castro urdiales,Castro Urdiales,Ğ¦ĞµĞ½Ğ°:$16
564,Cozy Private room few steps from Chapultepec Ave.,Ğ“Ğ²Ğ°Ğ´Ğ°Ğ»Ğ°Ñ…Ğ°Ñ€Ğ°,Ğ¦ĞµĞ½Ğ°:$19
565,la casa al final de la calle 2,Villahermosa,Ğ¦ĞµĞ½Ğ°:$20
566,æºªæ—æ¹¾Â·é¹¿é¸£èˆ  æ°‘å®¿è½»å¥¢2å±…å¸‚ä¸­å¿ƒäººæ°‘å…¬å›­æ—,Ulanqab,Ğ¦ĞµĞ½Ğ°:$44
567,"Casa container, proximo as praias de trindade.",Novo Horizonte,Ğ¦ĞµĞ½Ğ°:$15
568,æ˜Ÿå›­æ°‘å®¿ã€ è¯·å…ˆçœ‹æè¿°/åå¸ˆæš¨å¤§/é‚®ç”µå­¦é™¢/å¹¿æŠ€å¸ˆ/å—åŒ»ä¸‰é™¢/å¤©æ²³å…¬å›­/å°å°å•é—´,Ğ“ÑƒĞ°Ğ½Ñ‡Ğ¶Ğ¾Ñƒ,Ğ¦ĞµĞ½Ğ°:$14
569,Loue petite chambre chez l'habitant,Issoudun,Ğ¦ĞµĞ½Ğ°:$23
570,Departamento tipo Estudio centrico a 5min de CHEPE,Ğ§Ğ¸Ñ…ÑƒĞ°Ñ…ÑƒĞ°,Ğ¦ĞµĞ½Ğ°:$23
571,Single Room in MontaÃ±ita,MontaÃ±ita,Ğ¦ĞµĞ½Ğ°:$8
572,è¶…å¤§æˆ¿é—´ï¼Œä¸œè¡—å£700ç±³ï¼Œä¸‰åŠä¸ƒå··ï¼Œè¾¾æ˜ç¾é£Ÿè¡—ï¼Œçœç«‹åŒ»é™¢ï¼Œåå’ŒåŒ»é™¢æ­¥è¡Œå¯è¾¾,Ğ¤ÑƒÑ‡Ğ¶Ğ¾Ñƒ,Ğ¦ĞµĞ½Ğ°:$17
573,KaÅŸ Merkezde Havuzlu Deniz ManzaralÄ± 1+1 Apart,KaÅŸ,Ğ¦ĞµĞ½Ğ°:$57
574,Ganz viel inklusive in aussergewÃ¶hnlicher Kulisse,Unteriberg,Ğ¦ĞµĞ½Ğ°:$26
575,Rinconcito tranquilo en el centro de Monterrey,ĞœĞ¾Ğ½Ñ‚ĞµÑ€Ñ€ĞµĞ¹,Ğ¦ĞµĞ½Ğ°:$23
576,Apartamento incrÃ­vel no coraÃ§Ã£o do Itaim I023,Ğ˜Ñ‚Ğ°Ğ¹Ğ¼-Ğ‘Ğ¸Ğ±Ğ¸,Ğ¦ĞµĞ½Ğ°:$36
577,"Casa Elena ""Leidy - Planta Alta""",Holbox,Ğ¦ĞµĞ½Ğ°:$23
578,Relaxing oceanfront loft,ĞšĞ°Ğ½ĞºÑƒĞ½,Ğ¦ĞµĞ½Ğ°:$28
579,Private#ocean view #Hamdeok #Jeju(Interstory No.1),"Jochon-eup, Cheju",Ğ¦ĞµĞ½Ğ°:$50
580,ç¾å…°æ¹–è¾¹Uå¤©åœ°æ—æ¸©é¦¨å°å±‹,Ğ¨Ğ°Ğ½Ñ…Ğ°Ğ¹,10
581,Oportunidad de alojamiento en zona cÃ©ntrica del DN,Ğ¡Ğ°Ğ½Ñ‚Ğ¾-Ğ”Ğ¾Ğ¼Ğ¸Ğ½Ğ³Ğ¾,10
582,Charming condo walking distance from Medano Beach,El tezal,41
583,Aconchego da Leda 3,Ğ§ĞµĞ½Ñ‚Ñ€Ğ¾,14
584,Studio au calme,Frouard,19
585,Studio in Centro a San Dona di Piave,San DonÃ  di Piave,8
586,FLAT Batel/Centro,Ğ§ĞµĞ½Ñ‚Ñ€Ğ¾,20
587,"La Jauna, Casa del Ãrbol",Ğ¡Ğ°Ğ½Ñ‚Ğ°-ĞœĞ°Ñ€Ñ‚Ğ°,10
588,QUIET LUXURY IN HEART OF WINE COUNTRY,ĞĞ¸Ğ°Ğ³Ğ°Ñ€Ğ°-Ğ½Ğ°-Ğ¾Ğ·ĞµÑ€Ğµ,110
589,ã€èœ‚é¸Ÿå­¦èˆ306ã€‘æ²³åŒ—ä¼ åª’å¤§å­¦æ—è€ƒç ”å¤ä¹ å¯æœˆç§Ÿ,Shijiazhuang,8
590,Apartamento aconchegante no centro de Joinville,Ğ§ĞµĞ½Ñ‚Ñ€Ğ¾,13
591,åä¹â€¢æœŸé‡ï½œé‚»äº”ä¸€å¹¿åœº/IFSå›½é‡‘è¡—/é»„å…´å¹¿åœº/è§£æ”¾è¥¿è·¯/å—é—¨å£åœ°é“ç«™,Ğ§Ğ°Ğ½ÑˆĞ°,34
592,Beautiful House with private pool,ĞšĞ°Ğ½ĞºÑƒĞ½,45
593,é…’åº—å¼å…¬å¯“ï¼Œç²¾è£…ä¿®ï¼Œä¸“èŒç®¡å®¶æœåŠ¡ï¼Œä¸´è¿‘æ±‰å£ç«è½¦ç«™ï¼Œä¸‡æ¾å›­ï¼Œå‰åº†è¡—ï¼Œåœ°é“å…«å·çº¿ï¼Œé‡‘æ¡¥æ°¸æ—º,Ğ£Ñ…Ğ°Ğ½ÑŒ,16
594,Apartamento tranquilo y cerca de todo en Sabaneta,Sabaneta,10
595,Aurora House Phu Quoc - Deluxe Double Pool View,ThÃ nh phá»‘ PhÃº Quá»‘c,19
596,ç™½ç›’å­çŒ«å°å±…,Ğ§Ğ°Ğ½ÑˆĞ°,12
597,Modern Farmhouse Studio,Ğ’Ğ¸ĞºÑ‚Ğ¾Ñ€,77
598,"Studio cosy, rennes Centre (proche HÃ´tel Dieu)",Ğ ĞµĞ½Ğ½ĞµÑ,45
599,PÃ© na areia e vista para o mar | Wifi 120Mb,ĞœĞ¾Ñ€Ñ€Ğ¾ Ğ´Ğ°Ñ ĞŸĞµĞ´Ñ€Ğ°Ñ,22
600,CÃ³modo y agradable departamento con hermosa vista,Acapulco de JuÃ¡rez,30
601,Samana-Villa Clara,SamanÃ¡,30
602,Cozy Lakefront Cabin on Keweenaw Peninsula,Torch Lake Township,114
603,"BONITA CASA NUEVA, BIEN UBICADA",MazatlÃ¡n,25
604,å°æ¸…æ–°&å²³éº“å±±é£æ™¯&å°é›¨ä¹‹å®¶,Ğ§Ğ°Ğ½ÑˆĞ°,18
605,Villa Bienvenido,ĞšĞ°Ğ»Ğ¿,156
606,**Hot tub**Eye catching and Trendy**Pet friendly**,Dumfries and Galloway,169
607,Penang Macalister Georgetown 1BR 2-4pax,Ğ”Ğ¶Ğ¾Ñ€Ğ´Ğ¶-Ğ¢Ğ°ÑƒĞ½,24
608,Ãtico fresco con acceso a piscina / camina playa,BoquerÃ³n,30
609,Goedkope caravan (vB) op Zeeuwse minicamping,Serooskerke,33
610,<NEW OPEN>í”„ë¼ì´ë¹— ê³µê°„ ê°ì„± ë…ì±„ ë¯¼ë°•(5ë™),"Namwon-eup, Seogwipo-si",82
611,Private Cottage by the River with Forest Views,South Ayrshire,75
612,Mi depa en playa,ĞŸĞ»Ğ°Ğ¹Ñ-Ğ´ĞµĞ»ÑŒ-ĞšĞ°Ñ€Ğ¼ĞµĞ½,21
613,Onsbjerg Hovedgade 4,Ğ¡Ğ°Ğ¼ÑÑ‘,47
614,Meowgical Mermicorn,Ğ¡Ğ°Ğ½-ĞĞ½Ñ‚Ğ¾Ğ½Ğ¸Ğ¾,64
615,Oportunidad de alojamiento en zona cÃ©ntrica del DN,Ğ¡Ğ°Ğ½Ñ‚Ğ¾-Ğ”Ğ¾Ğ¼Ğ¸Ğ½Ğ³Ğ¾,10
616,æ˜Ÿå›­æ°‘å®¿ã€ è¯·å…ˆçœ‹æè¿°/åå¸ˆæš¨å¤§/é‚®ç”µå­¦é™¢/å¹¿æŠ€å¸ˆ/å—åŒ»ä¸‰é™¢/å¤©æ²³å…¬å›­/å°10å•é—´,Ğ“ÑƒĞ°Ğ½Ñ‡Ğ¶Ğ¾Ñƒ,14
617,AlÃ©jate de todo pero dejando el mundo ahÃ­ al lado.,ĞĞ²ÑŒĞµĞ´Ğ¾,34
618,Apartamento incrÃ­vel no coraÃ§Ã£o do Itaim I023,Ğ˜Ñ‚Ğ°Ğ¹Ğ¼-Ğ‘Ğ¸Ğ±Ğ¸,36
619,Ecolodge Le Sermandeau / Beachside - Free Bikes,Brem-sur-Mer,115
620,Luxury Apartment Equipetrol,Santa Cruz de la Sierra,20
621,Kultige Knutschkugel im Tiny House Style,Bochum,28
622,"Naturaleza, Lujo y RelajaciÃ³n en ArmonÃ­a",Ğ¢Ñ€ĞµÑ-Ğ´Ğµ-ĞœĞ°Ğ¹Ğ¾,27
623,La Palmita: Private Bed 4. Digital Nomade Ready,Ğ¢ÑƒĞ»ÑƒĞ¼,12
624,Apartamento com Cozinha e Varanda em BÃºzios APTO 1,BÃºzios,14
625,æ¢µèŠˆç¬ å®¶å®… | W.S.Homestay,Ğ¡ÑƒÑ‡Ğ¶Ğ¾Ñƒ,22
626,Meu espaÃ§o em Maresias,Ğ¡Ğ°Ğ½-Ğ¡ĞµĞ±Ğ°ÑÑ‚ÑŒÑĞ½,11
627,"Cozy 1 bedroom, 4 guests, 300ft from beach",Canasvieiras,12
628,CÃ³modo y sencillo. Departamento en (Zona Centro) 1,Ğ§Ğ¸Ñ…ÑƒĞ°Ñ…ÑƒĞ°,15
629,ĞÑ‚Ğ»Ğ¸Ñ‡Ğ½Ğ°Ñ ĞšĞ²Ğ°Ñ€Ñ‚Ğ¸Ñ€Ğ°,Moskva,20
630,ã€å¦äºŒå®¶ã€‘INSåŒ—æ¬§é£èˆ’é€‚å¤§åºŠæˆ¿ | ç‹¬å« | å®‰é™ç‹¬æ ‹åˆ«å¢… | è¿‘å›½è´¸ä¸–è´¸é‡‘ç‰›å²­ | å¯å¼€å‘ç¥¨,Ğ¥Ğ°Ğ¹ĞºĞ¾Ñƒ,13
631,HabitaciÃ³n estÃ¡ndar c/ alberca y Roof Garden.,Holbox,23
632,Ğ¡Ñ‚ÑƒĞ´Ğ¸Ñ Ğ² Ñ†ĞµĞ½Ñ‚Ñ€Ğµ ĞŸĞµÑ‚ĞµÑ€Ğ±ÑƒÑ€Ğ³Ğ°,Sankt-Peterburg,14
633,Alojamiento EXPRESS.,ĞœĞµÑ…Ğ¸ĞºĞ¾,22
634,ğŸƒPetit Cocon RÃ©tais avec piscine & parking privÃ©ğŸ•Š,Ğ›Ğ°-Ğ¤Ğ»Ğ¾Ñ‚,56
635,Comodo departamento a 5 minutos del aeropuerto,Ciudad JuÃ¡rez,18
636,"Minha casa, sua casa",Porto de Galinhas,16
637,Baijan Hotel Baku,Ğ‘Ğ°ĞºÑƒ,32
638,Chambre privÃ©e 4,Viry-ChÃ¢tillon,17
639,"La Jauna, Casa del Ãrbol",Ğ¡Ğ°Ğ½Ñ‚Ğ°-ĞœĞ°Ñ€Ñ‚Ğ°,10
640,"101 STYLISH LOFT,  near WTC  with roof top!",ĞœĞµÑ…Ğ¸ĞºĞ¾,36
641,Apartment in hanover (near subway station),Hannover,28
642,Relaxing oceanfront loft,ĞšĞ°Ğ½ĞºÑƒĞ½,28
643,ç™½ç›’å­çŒ«å°å±…,Ğ§Ğ°Ğ½ÑˆĞ°,12
644,ã€å­¦é•¿çš„ã€‘æ­¥æ­¥å¤§åºŠæˆ¿è¿‘èˆªå¤©ç§‘åˆ›è·¯/æ±Ÿç§‘å­¦é™¢/åæ¶¦ä¸‡å®¶/å¥¥ä½“ä¸­å¿ƒ/å¸¦å†°ç®±/ç¦¾ç¦¾æ°‘å®¿,Nanchang,26
645,"Casa ColibrÃ­ Pool, Terrace & Garden. Beach close",ĞŸÑƒÑÑ€Ñ‚Ğ¾-Ğ’Ğ°Ğ»ÑŒÑÑ€Ñ‚Ğ°,17
646,CÃ³modo y Exclusivo Apartaestudio- Apto 411,ĞÑ€Ğ¼ĞµĞ½Ğ¸Ñ,23
647,HabitaciÃ³n estÃ¡ndar c/ alberca y Roof Garden.,Holbox,23
648,Mini Room Boutique Roma/Condesa,ĞœĞµÑ…Ğ¸ĞºĞ¾,15
649,"lovely apartment  with 3 balcony s  , very quiet",Ğ¡Ğ¾Ğ»Ğ½ĞµÑ‡Ğ½Ñ‹Ğ¹ Ğ±ĞµÑ€ĞµĞ³,36
650,Oportunidad de alojamiento en zona cÃ©ntrica del DN,Ğ¡Ğ°Ğ½Ñ‚Ğ¾-Ğ”Ğ¾Ğ¼Ğ¸Ğ½Ğ³Ğ¾,10
651,Cobblestones Cottage,Combe Martin,76
652,Loue petite chambre chez l'habitant,Issoudun,23
653,Cozy Private room few steps from Chapultepec Ave.,Ğ“Ğ²Ğ°Ğ´Ğ°Ğ»Ğ°Ñ…Ğ°Ñ€Ğ°,19
654,ã€é…±æ²¹å®¶-èƒ¡åŒ3å·loftã€‘çš‡åŸä¸‹/ç‹¬å«/ins/æ­¥è¡Œ5åˆ†é’Ÿåœ°é“/è¿‘å¤©å®‰é—¨/æ•…å®«/æ™¯å±±/å—é”£/åæµ·,ĞŸĞµĞºĞ¸Ğ½,35
655,"""The Cellar"" peaceful & private 1 km to the beach",Umhlanga,38
656,aVeritas 6.1 Ğ¡Ñ‚ÑƒĞ´Ğ¸Ñ Ğ½Ğ° ĞšĞ°Ğ·Ğ°Ğ½ÑĞºĞ¾Ğ¹ 1+1,Sankt-Peterburg,21
657,æ˜Ÿå›­æ°‘å®¿ã€ è¯·å…ˆçœ‹æè¿°/åå¸ˆæš¨å¤§/é‚®ç”µå­¦é™¢/å¹¿æŠ€å¸ˆ/å—åŒ»ä¸‰é™¢/å¤©æ²³å…¬å›­/å°å°å•é—´,Ğ“ÑƒĞ°Ğ½Ñ‡Ğ¶Ğ¾Ñƒ,14
658,Departamento tipo Estudio centrico a 5min de CHEPE,Ğ§Ğ¸Ñ…ÑƒĞ°Ñ…ÑƒĞ°,23
659,Habit privada en casa compartida y alberca propia.,Ğ¡Ğ°Ğ½Ñ‚ÑŒÑĞ³Ğ¾-Ğ´Ğµ-ĞšĞµÑ€ĞµÑ‚Ğ°Ñ€Ğ¾,20
660,Casa de Campo en la MontaÃ±a (10 min Tlayacapan),Los Laureles,53
661,Ğ­Ñ‚Ğ°Ğ»Ğ¾Ğ½,Sankt-Peterburg,28
662,ERKO Studio,PopeÈ™ti-Leordeni,18
663,Beautiful House with private pool,ĞšĞ°Ğ½ĞºÑƒĞ½,45
664,Studio in Centro a San Dona di Piave,San DonÃ  di Piave,8
665,ì¡°ìš©í•œ ì „ì›ì£¼íƒí˜• íœì…˜ ì•Œë£¨í•˜ìš°ìŠ¤ R4,"Seongsan-eup, Seogwipo-si",39
666,"HabitaciÃ³n FLAMBOYANT, independiente con alberca!",Crucecita,30
667,Manor Farm - Sagittarius,Ğ¡Ğ°Ñ„Ñ„Ğ¾Ğ»Ğº,21
668,ĞšĞ²Ğ°Ñ€Ñ‚Ğ¸Ñ€Ğ°-Ğ¡Ñ‚ÑƒĞ´Ğ¸Ñ Ñ Ğ¿Ğ¾Ğ»Ğ½Ğ¾ÑÑ‚ÑŒÑ Ğ½Ğ¾Ğ²Ğ¾Ğ¹ Ğ¾Ğ±ÑÑ‚Ğ°Ğ½Ğ¾Ğ²ĞºĞ¾Ğ¹.,Sankt-Peterburg,15
669,Private Hotel Room in St. Julians (twin/dbl) STD1,San Ä iljan,22
670,Los Pirineos - Loft Planta Baja,Ğ¡Ğ°Ğ½Ñ‚ÑŒÑĞ³Ğ¾-Ğ´Ğµ-ĞšĞµÑ€ĞµÑ‚Ğ°Ñ€Ğ¾,15
671,Vive Playa del Carmen al estilo playero,ĞŸĞ»Ğ°Ğ¹Ñ-Ğ´ĞµĞ»ÑŒ-ĞšĞ°Ñ€Ğ¼ĞµĞ½,15
672,"Studio cosy, rennes Centre (proche HÃ´tel Dieu)",Ğ ĞµĞ½Ğ½ĞµÑ,45
673,Stay like a local for 3.Close to downtown. 20Mb,ĞœĞµĞ´ĞµĞ»ÑŒĞ¸Ğ½,18
674,Boutique 1950s Cape Cod motel,Ğ¡ÑĞ½Ğ´Ğ²Ğ¸Ñ‡,102
675,HabitaciÃ³n estÃ¡ndar c/ alberca y Roof Garden.,Holbox,23
676,Single Room in MontaÃ±ita,MontaÃ±ita,8
677,Ğ”Ğ¸Ğ·Ğ°Ğ¹Ğ½ĞµÑ€ÑĞºĞ°Ñ ÑÑ‚ÑƒĞ´Ğ¸Ñ Ğ² Â«Ğ¡ĞºĞ°Ğ½Ğ´Ğ¸Ğ½Ğ°Ğ²ÑĞºĞ¾Ğ¼ ÑÑ‚Ğ¸Ğ»ĞµÂ»!,ĞšÑ€Ğ°ÑĞ½Ğ¾Ğ´Ğ°Ñ€,18
678,åä¹â€¢æœŸé‡ï½œé‚»äº”ä¸€å¹¿åœº/IFSå›½é‡‘è¡—/é»„å…´å¹¿åœº/è§£æ”¾è¥¿è·¯/å—é—¨å£åœ°é“ç«™,Ğ§Ğ°Ğ½ÑˆĞ°,34
679,Brand new studion flat London NW2,Ğ‘Ğ¾Ğ»ÑŒÑˆĞ¾Ğ¹ Ğ›Ğ¾Ğ½Ğ´Ğ¾Ğ½,46
680,åä¹â€¢æœŸé‡ï½œé‚»äº”ä¸€å¹¿åœº/IFSå›½é‡‘è¡—/é»„å…´å¹¿åœº/è§£æ”¾è¥¿è·¯/å—é—¨å£åœ°é“ç«™,Ğ§Ğ°Ğ½ÑˆĞ°,34
681,Brand new studion flat London NW2,Ğ‘Ğ¾Ğ»ÑŒÑˆĞ¾Ğ¹ Ğ›Ğ¾Ğ½Ğ´Ğ¾Ğ½,52
682,"Casa container, proximo as praias de trindade.",Novo Horizonte,15
683,é…’åº—å¼å…¬å¯“ï¼Œç²¾è£…ä¿®ï¼Œä¸“èŒç®¡å®¶æœåŠ¡ï¼Œä¸´è¿‘æ±‰å£ç«è½¦ç«™ï¼Œä¸‡æ¾å›­ï¼Œå‰åº†è¡—ï¼Œåœ°é“å…«å·çº¿ï¼Œé‡‘æ¡¥æ°¸æ—º,Ğ£Ñ…Ğ°Ğ½ÑŒ,17
684,Apartamento Independiente - Entire Apartment,Ğ‘Ğ¾Ğ³Ğ¾Ñ‚Ğ°,18
685,Ğ¡Ñ‚ÑƒĞ´Ğ¸Ñ Ğ½Ğ°Ğ¿Ñ€Ğ¾Ñ‚Ğ¸Ğ² ĞĞ²Ñ‚Ğ¾Ğ²Ğ¾ĞºĞ·Ğ°Ğ»Ğ° 16 ÑÑ‚Ğ°Ğ¶,ĞĞ¾Ğ²Ğ¾ÑĞ¸Ğ±Ğ¸Ñ€ÑĞº,26
686,Mini Room Boutique Roma/Condesa,ĞœĞµÑ…Ğ¸ĞºĞ¾,15
687,Piter Palace Inter,Sankt-Peterburg,28
688,Apartamento tranquilo y cerca de todo en Sabaneta,Sabaneta,14
689,"lovely apartment  with 3 balcony s  , very quiet",Ğ¡Ğ¾Ğ»Ğ½ĞµÑ‡Ğ½Ñ‹Ğ¹ Ğ±ĞµÑ€ĞµĞ³,36
690,ç™½ç›’å­çŒ«å°å±…,Ğ§Ğ°Ğ½ÑˆĞ°,12
691,PÃ© na areia e vista para o mar | Wifi 120Mb,ĞœĞ¾Ñ€Ñ€Ğ¾ Ğ´Ğ°Ñ ĞŸĞµĞ´Ñ€Ğ°Ñ,21
692,Single Room in MontaÃ±ita,MontaÃ±ita,8
693,Rinconcito tranquilo en el centro de Monterrey,ĞœĞ¾Ğ½Ñ‚ĞµÑ€Ñ€ĞµĞ¹,23
694,"Hermoso apartamento super ubicado,",ĞšĞ°Ğ½ĞºÑƒĞ½,21
695,"Aeropuerto, Foro sol, Palacio de los deportes",ĞœĞµÑ…Ğ¸ĞºĞ¾,16
696,Cozy Private room few steps from Chapultepec Ave.,Ğ“Ğ²Ğ°Ğ´Ğ°Ğ»Ğ°Ñ…Ğ°Ñ€Ğ°,19
697,HabitaciÃ³n CÃ©ntrica a Catedral,ĞœĞ¾Ñ€ĞµĞ»Ğ¸Ñ,9
698,æºªæ—æ¹¾Â·é¹¿é¸£èˆ  æ°‘å®¿è½»å¥¢2å±…å¸‚ä¸­å¿ƒäººæ°‘å…¬å›­æ—,Ulanqab,44
699,Loue petite chambre chez l'habitant,Issoudun,23
700,"é˜³å…‰ä¹‹æ—…201åŒäººå¤§åºŠæˆ¿,éº’éºŸè¡—é“ç®€å•ç»æµå®æƒ å¤§æˆ¿é—´æˆ¿é—´ç‹¬ç«‹å«ç”Ÿé—´",ĞĞ°Ğ½ĞºĞ¸Ğ½,11
701,"Appartement lumineux avec toÃ®t-terrasse, MILLAU",Millau,33
702,â˜… Beachfront â˜… Ocean view  â˜… Gated  2BR w/ Parking,BÃ¡varo ,48
703,#ë„·í”Œë¦­ìŠ¤ #í˜¸í…”ì¹¨êµ¬ #ê³ ì¸µí™˜ìƒë·° #47ì¸ì¹˜í‹°ë¹„ #ì„¼íŠ¸ëŸ´íŒŒí¬ë·° #ë°”ë‹¤ë·° #ì¸ì²œëŒ€ì…êµ¬ì—­,"Songdo-dong, Yeonsu-gu",49
704,Aluga-se SuÃ­te Jardim Soares,Jardim Soares,10
705,"Bright double room, perfect for a work & rest mix",Ğ‘Ğ¾Ğ»ÑŒÑˆĞ¾Ğ¹ Ğ›Ğ¾Ğ½Ğ´Ğ¾Ğ½,32
706,"Secured, Quiet, and Safe.Near Mall and Airport",Lungsod ng ParaÃ±aque,12
707,No. 3  ~2bdrm apt Cozy home feels+hotel luxury~,Ğ˜ÑĞ»Ğ°-ĞœÑƒÑ…ĞµÑ€ĞµÑ,35
708,Home away,Lahore,8
709,Maison dans village blanc d andalousie,ĞšĞ°ÑĞ°Ñ€ĞµÑ,33
710,"ÃšNICO FRENTE A LOS ARCOS , VISTA INCREÃBLE,JACUZZI",Ğ¡Ğ°Ğ½Ñ‚ÑŒÑĞ³Ğ¾-Ğ´Ğµ-ĞšĞµÑ€ĞµÑ‚Ğ°Ñ€Ğ¾,50
711,Ğ­Ñ‚Ğ°Ğ»Ğ¾Ğ½,Sankt-Peterburg,28
712,Tu lugar para descansar y relajarte,Tlajomulco de ZÃºÃ±iga,18
713,Aconchego da Leda 3,Ğ§ĞµĞ½Ñ‚Ñ€Ğ¾,14
714,ã€æ‚¦æ›¼æ°‘å®¿ã€‘1å·æˆ¿insåŒ—æ¬§é£-ä¸‡è¾¾å•†åœˆ-å¸‚ä¸­å¿ƒ-å‡¯å¾·å¹¿åœº-é£æœºåœº-ç«è½¦ç«™-å°åŒºæ¥¼ä¸‹ç¾é£Ÿè¡—-æ‹ç…§æ‰“å¡,Mianyang,22
715,Studio au calme,Frouard,19
716,Studio in Centro a San Dona di Piave,San DonÃ  di Piave,8
717,Studio condo,ĞŸĞ½Ğ¾Ğ¼Ğ¿ĞµĞ½ÑŒ,19
718,"HabitaciÃ³n FLAMBOYANT, independiente con alberca!",Crucecita,30
719,FLAT Batel/Centro,Ğ§ĞµĞ½Ñ‚Ñ€Ğ¾,20
720,Beautiful House with private pool,ĞšĞ°Ğ½ĞºÑƒĞ½,45
721,Habitando corazÃ³n CDMX,ĞœĞµÑ…Ğ¸ĞºĞ¾,11
722,IncreÃ­ble ubicaciÃ³n Aguacatala el Poblado 1 hab,ĞœĞµĞ´ĞµĞ»ÑŒĞ¸Ğ½,20
723,Siesta Suite #7 on 2nd Floor,ĞŸÑƒĞ½Ñ‚Ğ°-Ğ´Ğµ-ĞœĞ¸Ñ‚Ğ°,23
724,ĞšĞ²Ğ°Ñ€Ñ‚Ğ¸Ñ€Ğ°-Ğ¡Ñ‚ÑƒĞ´Ğ¸Ñ Ñ Ğ¿Ğ¾Ğ»Ğ½Ğ¾ÑÑ‚ÑŒÑ Ğ½Ğ¾Ğ²Ğ¾Ğ¹ Ğ¾Ğ±ÑÑ‚Ğ°Ğ½Ğ¾Ğ²ĞºĞ¾Ğ¹.,Sankt-Peterburg,15
725,Los Pirineos - Loft Planta Baja,Ğ¡Ğ°Ğ½Ñ‚ÑŒÑĞ³Ğ¾-Ğ´Ğµ-ĞšĞµÑ€ĞµÑ‚Ğ°Ñ€Ğ¾,15
726,Vive Playa del Carmen al estilo playero,ĞŸĞ»Ğ°Ğ¹Ñ-Ğ´ĞµĞ»ÑŒ-ĞšĞ°Ñ€Ğ¼ĞµĞ½,15
727,Chambre privÃ©e dans petit appartement,Codognan,18
728,ã€èœ‚é¸Ÿå­¦èˆ306ã€‘æ²³åŒ—ä¼ åª’å¤§å­¦æ—è€ƒç ”å¤ä¹ å¯æœˆç§Ÿ,Shijiazhuang,8
729,Apartamento aconchegante no centro de Joinville,Ğ§ĞµĞ½Ñ‚Ñ€Ğ¾,13
730,åä¹â€¢æœŸé‡ï½œé‚»äº”ä¸€å¹¿åœº/IFSå›½é‡‘è¡—/é»„å…´å¹¿åœº/è§£æ”¾è¥¿è·¯/å—é—¨å£åœ°é“ç«™,Ğ§Ğ°Ğ½ÑˆĞ°,34
731,Brand new studion flat London NW2,Ğ‘Ğ¾Ğ»ÑŒÑˆĞ¾Ğ¹ Ğ›Ğ¾Ğ½Ğ´Ğ¾Ğ½,46
732,Fishing Luxury Residences w Private Pool & kingBed,Punta Cana,145
733,Dikimevi metrosu Ã¶nÃ¼nde Ã¶zel oda,Ğ§Ğ°Ğ½ĞºĞ°Ñ,10
734,Mini Room Boutique Roma/Condesa,ĞœĞµÑ…Ğ¸ĞºĞ¾,16
735,èµ›åšæœ‹å…‹æ¢¦å¹»æŠ•å½±æˆ¿,Ğ›Ğ°Ğ½Ñ‡Ğ¶Ğ¾Ñƒ,28
736,æ˜Ÿå›­æ°‘å®¿ã€ è¯·å…ˆçœ‹æè¿°/åå¸ˆæš¨å¤§/é‚®ç”µå­¦é™¢/å¹¿æŠ€å¸ˆ/å—åŒ»ä¸‰é™¢/å¤©æ²³å…¬å›­/å°10å•é—´,Ğ“ÑƒĞ°Ğ½Ñ‡Ğ¶Ğ¾Ñƒ,14
737,Aurora House Phu Quoc - Deluxe Double Pool View,ThÃ nh phá»‘ PhÃº Quá»‘c,19
738,ç™½ç›’å­çŒ«å°å±…,Ğ§Ğ°Ğ½ÑˆĞ°,12
739,Cozy flat near forest,BanskÃ¡ Bystrica,14
740,CÃ³modo mini depa en la mejor ubicaciÃ³n,LeÃ³n,10
741,Oportunidad de alojamiento en zona cÃ©ntrica del DN,Ğ¡Ğ°Ğ½Ñ‚Ğ¾-Ğ”Ğ¾Ğ¼Ğ¸Ğ½Ğ³Ğ¾,10
742,Departamento con gran ubicaciÃ³n en Rosario,KZD,12
743,IncreÃ­ble ubicaciÃ³n Aguacatala el Poblado 1 hab,ĞœĞµĞ´ĞµĞ»ÑŒĞ¸Ğ½,20
744,Studio in Centro a San Dona di Piave,San DonÃ  di Piave,8
745,Habitando corazÃ³n CDMX,ĞœĞµÑ…Ğ¸ĞºĞ¾,11
746,Privatzimmer mit Gartenzugang und eigenem Bad,Bergisch Gladbach,19
747,Mi depa en playa,ĞŸĞ»Ğ°Ğ¹Ñ-Ğ´ĞµĞ»ÑŒ-ĞšĞ°Ñ€Ğ¼ĞµĞ½,21
748,Apartamento aconchegante no centro de Joinville,Ğ§ĞµĞ½Ñ‚Ñ€Ğ¾,13
749,Ğ”Ğ¸Ğ·Ğ°Ğ¹Ğ½ĞµÑ€ÑĞºĞ°Ñ ÑÑ‚ÑƒĞ´Ğ¸Ñ Ğ² Â«Ğ¡ĞºĞ°Ğ½Ğ´Ğ¸Ğ½Ğ°Ğ²ÑĞºĞ¾Ğ¼ ÑÑ‚Ğ¸Ğ»ĞµÂ»!,ĞšÑ€Ğ°ÑĞ½Ğ¾Ğ´Ğ°Ñ€,18
750,Marcelo quitinete 1 UBATUBA  Capital do surf,Ğ£Ğ±Ğ°Ñ‚ÑƒĞ±Ğ°,13
751,åä¹â€¢æœŸé‡ï½œé‚»äº”ä¸€å¹¿åœº/IFSå›½é‡‘è¡—/é»„å…´å¹¿åœº/è§£æ”¾è¥¿è·¯/å—é—¨å£åœ°é“ç«™,Ğ§Ğ°Ğ½ÑˆĞ°,34
752,Beautiful House with private pool,ĞšĞ°Ğ½ĞºÑƒĞ½,45
753,Apartamento Independiente - Entire Apartment,Ğ‘Ğ¾Ğ³Ğ¾Ñ‚Ğ°,18
754,ĞĞ²Ñ‚ĞµĞ½Ñ‚Ğ¸Ñ‡Ğ½Ğ¸Ğ¹ ĞµĞºĞ¾-Ğ±Ğ¾Ğ´Ğ¸Ğ½Ğ¾Ñ‡Ğ¾Ğº Ğ² Ğ¼Ğ°Ğ»ÑŒĞ¾Ğ²Ğ½Ğ¸Ñ‡Ñ–Ğ¹ Ğ¼Ñ–ÑÑ†ĞµĞ²Ğ¾ÑÑ‚Ñ–,Starosillya,8
755,Piter Palace Inter,Sankt-Peterburg,28
756,Tiny Studio Cottage,Ğ¡Ğ²Ğ°Ğ½Ğ½Ğ°Ğ½Ğ¾Ğ°,67
757,èµ›åšæœ‹å…‹æ¢¦å¹»æŠ•å½±æˆ¿,Ğ›Ğ°Ğ½Ñ‡Ğ¶Ğ¾Ñƒ,28
758,ç™½ç›’å­çŒ«å°å±…,Ğ§Ğ°Ğ½ÑˆĞ°,12
759,PÃ© na areia e vista para o mar | Wifi 120Mb,ĞœĞ¾Ñ€Ñ€Ğ¾ Ğ´Ğ°Ñ ĞŸĞµĞ´Ñ€Ğ°Ñ,21
760,"Appartement lumineux avec toÃ®t-terrasse, MILLAU",Millau,Ğ¦ĞµĞ½Ğ°:$33
761,è¿‘æœºåœºå—ç«™ å±±è¥¿å¤§å­¦è´¢ç»å¤§å­¦ æ™‹é˜³è¡—é¾™åŸå¤§è¡— æ…ˆå–„å­¦æ ¡ å±±è¥¿å·¥å•†å­¦é™¢,Ğ¢Ğ°Ğ¹ÑĞ°Ğ½ÑŒ,Ğ¦ĞµĞ½Ğ°:$31
762,Camera matrimoniale in centro a Pordenone,Pordenone,Ğ¦ĞµĞ½Ğ°:$28
763,"ë°±íŒ¨ì»¤ìŠ¤ë¹Œë¼(101í˜¸), í†µìœ ë¦¬ë‚˜ë¬´ë·°! íŠ¸ìœˆë£¸!","Hangyeong-myeon, Cheju",Ğ¦ĞµĞ½Ğ°:$36
764,Homely stylish space near Simba S.market Kicukiro,ĞšĞ¸Ğ³Ğ°Ğ»Ğ¸,Ğ¦ĞµĞ½Ğ°:$21
765,"Bright double room, perfect for a work & rest mix",Ğ‘Ğ¾Ğ»ÑŒÑˆĞ¾Ğ¹ Ğ›Ğ¾Ğ½Ğ´Ğ¾Ğ½,Ğ¦ĞµĞ½Ğ°:$32
766,Apartamento incrÃ­vel no coraÃ§Ã£o do Itaim I023,Ğ˜Ñ‚Ğ°Ğ¹Ğ¼-Ğ‘Ğ¸Ğ±Ğ¸,Ğ¦ĞµĞ½Ğ°:$36
767,Ğ­Ñ‚Ğ°Ğ»Ğ¾Ğ½,Sankt-Peterburg,Ğ¦ĞµĞ½Ğ°:$28
768,Brand new studion flat London NW2,Ğ‘Ğ¾Ğ»ÑŒÑˆĞ¾Ğ¹ Ğ›Ğ¾Ğ½Ğ´Ğ¾Ğ½,Ğ¦ĞµĞ½Ğ°:$46
769,"BONITA CASA NUEVA, BIEN UBICADA",MazatlÃ¡n,Ğ¦ĞµĞ½Ğ°:$25
770,Studio au calme,Frouard,Ğ¦ĞµĞ½Ğ°:$19
771,Modern private double room near York city centre,Holgate,Ğ¦ĞµĞ½Ğ°:$32
772,å°æ¸…æ–°&å²³éº“å±±é£æ™¯&å°é›¨ä¹‹å®¶,Ğ§Ğ°Ğ½ÑˆĞ°,Ğ¦ĞµĞ½Ğ°:$18
773,Los Pirineos - Loft Planta Baja,Ğ¡Ğ°Ğ½Ñ‚ÑŒÑĞ³Ğ¾-Ğ´Ğµ-ĞšĞµÑ€ĞµÑ‚Ğ°Ñ€Ğ¾,Ğ¦ĞµĞ½Ğ°:$15
774,Vive Playa del Carmen al estilo playero,ĞŸĞ»Ğ°Ğ¹Ñ-Ğ´ĞµĞ»ÑŒ-ĞšĞ°Ñ€Ğ¼ĞµĞ½,Ğ¦ĞµĞ½Ğ°:$15
775,FLAT Batel/Centro,Ğ§ĞµĞ½Ñ‚Ñ€Ğ¾,Ğ¦ĞµĞ½Ğ°:$20
776,Expressionz Suite KLCC by Ayser (Netflix & Chill),ĞšÑƒĞ°Ğ»Ğ°-Ğ›ÑƒĞ¼Ğ¿ÑƒÑ€,Ğ¦ĞµĞ½Ğ°:$24
777,Apartment in hanover (near subway station),Hannover,Ğ¦ĞµĞ½Ğ°:$28
778,Privatzimmer mit Gartenzugang und eigenem Bad,Bergisch Gladbach,Ğ¦ĞµĞ½Ğ°:$19
779,ç™½ç›’å­çŒ«å°å±…,Ğ§Ğ°Ğ½ÑˆĞ°,Ğ¦ĞµĞ½Ğ°:$12
780,ĞÑ‚Ğ»Ğ¸Ñ‡Ğ½Ğ°Ñ ĞšĞ²Ğ°Ñ€Ñ‚Ğ¸Ñ€Ğ°,Moskva,20
781,ã€å¦äºŒå®¶ã€‘INSåŒ—æ¬§é£èˆ’é€‚å¤§åºŠæˆ¿ | ç‹¬å« | å®‰é™ç‹¬æ ‹åˆ«å¢… | è¿‘å›½è´¸ä¸–è´¸é‡‘ç‰›å²­ | å¯å¼€å‘ç¥¨,Ğ¥Ğ°Ğ¹ĞºĞ¾Ñƒ,13
782,Depas San NicolÃ¡s zona anahuac,San NicolÃ¡s de los Garza,14
783,BangalÃ´ Ãfrica com vista para o mar! :),SiriÃºba,28
784,Hermosa casa con vista el cerro del Tepozteco,TepoztlÃ¡n,75
785,CÃ³modo y agradable departamento con hermosa vista,Acapulco de JuÃ¡rez,30
786,Chick Plunge Pool in Seminyak FREE SCOOTER,ĞšÑƒÑ‚Ğ°,19
787,Comodo departamento a 5 minutos del aeropuerto,Ciudad JuÃ¡rez,18
788,Penang Macalister Georgetown 1BR 2-4pax,Ğ”Ğ¶Ğ¾Ñ€Ğ´Ğ¶-Ğ¢Ğ°ÑƒĞ½,24
789,Clean and Cozy Condo in EDSA Cubao,ĞšĞµÑĞ¾Ğ½-Ğ¡Ğ¸Ñ‚Ğ¸,24
790,Chambre privÃ©e 4,Viry-ChÃ¢tillon,17
791,è¿‘æœºåœºå—ç«™ å±±è¥¿å¤§å­¦è´¢ç»å¤§å­¦ æ™‹é˜³è¡—é¾™åŸå¤§è¡— æ…ˆå–„å­¦æ ¡ å±±è¥¿å·¥å•†å­¦é™¢,Ğ¢Ğ°Ğ¹ÑĞ°Ğ½ÑŒ,31
792,Camera matrimoniale in centro a Pordenone,Pordenone,28
793,Casa de Campo ChalÃ© Panzer,TimbÃ³,16
794,Loft vista al mar caribe y playa/ BEACH FRONT 1F,ĞšĞ°Ğ½ĞºÑƒĞ½,55
795,1-Ğº ĞºĞ²Ğ°Ñ€Ñ‚Ğ¸Ñ€Ğ° Ñ€ÑĞ´Ğ¾Ğ¼ Ñ Ğ°Ğ²Ñ‚Ğ¾Ğ²Ğ¾ĞºĞ·Ğ°Ğ»Ğ¾Ğ¼,Sterlitamak,15
796,"""HEALING PROJECT""-BADANG-B","Seongsan-eup, Seogwipo-si",37
797,The LEMONDROP Cottage,Ğ¤ÑƒĞ»Ğ»ĞµÑ€Ñ‚Ğ¾Ğ½,85
798,*Beachfront house* with private beach.,ĞšĞ°Ğ½ĞºÑƒĞ½,72
799,Hermosas habitaciones en zona super cÃ©ntrica,Heroica Puebla de Zaragoza,9
800,PÃ© na areia e vista para o mar | Wifi 120Mb,ĞœĞ¾Ñ€Ñ€Ğ¾ Ğ´Ğ°Ñ ĞŸĞµĞ´Ñ€Ğ°Ñ,22
801,NEW Sky's residence @ M Roof 1 King Size Bed,Ğ˜Ğ¿Ğ¾Ñ…,23
802,ì¡°ìš©í•œ ì „ì›ì£¼íƒí˜• íœì…˜ ì•Œë£¨í•˜ìš°ìŠ¤ R4,"Seongsan-eup, Seogwipo-si",39
803,ĞšĞ²Ğ°Ñ€Ñ‚Ğ¸Ñ€Ğ° Ğ² Ğ½Ğ¾Ğ²Ğ¾Ğ¼ Ğ´Ğ¾Ğ¼Ğµ Ñ ÑƒĞ´Ğ¾Ğ±Ğ½Ñ‹Ğ¼ Ñ€Ğ°ÑĞ¿Ğ¾Ğ»Ğ¾Ğ¶ĞµĞ½Ğ¸ĞµĞ¼,Yaroslavl',12
804,åä¹â€¢æœŸé‡ï½œé‚»äº”ä¸€å¹¿åœº/IFSå›½é‡‘è¡—/é»„å…´å¹¿åœº/è§£æ”¾è¥¿è·¯/å—é—¨å£åœ°é“ç«™,Ğ§Ğ°Ğ½ÑˆĞ°,34
805,Ğ¡Ñ‚ÑƒĞ´Ğ¸Ñ Ğ² Ñ†ĞµĞ½Ñ‚Ñ€Ğµ ĞŸĞµÑ‚ĞµÑ€Ğ±ÑƒÑ€Ğ³Ğ°,Sankt-Peterburg,14
806,Luxury Apartment Equipetrol,Santa Cruz de la Sierra,20
807,äºšæ–°åµ©å±±è·¯æ–°å…¬é¦†/æ²³å—è½»å·¥èŒä¸šå­¦æ ¡/æ·˜æ°”å ¡é”¦ç»£å±±æ²³æ—/å—ä¸‰ç¯è½»å¥¢ä¸€å®¤å¼€å¯ä½ ä¸ä¸€æ ·çš„å¹½é™ç”Ÿæ´»,Ğ§Ğ¶ÑĞ½Ñ‡Ğ¶Ğ¾Ñƒ,15
808,Kultige Knutschkugel im Tiny House Style,Bochum,28
809,ã€å¦äºŒå®¶ã€‘INSåŒ—æ¬§é£èˆ’é€‚å¤§åºŠæˆ¿ | ç‹¬å« | å®‰é™ç‹¬æ ‹åˆ«å¢… | è¿‘å›½è´¸ä¸–è´¸é‡‘ç‰›å²­ | å¯å¼€å‘ç¥¨,Ğ¥Ğ°Ğ¹ĞºĞ¾Ñƒ,13
810,HabitaciÃ³n estÃ¡ndar c/ alberca y Roof Garden.,Holbox,23
811,Lovely One Bedroom Flat - Canary Wharf Location,Ğ‘Ğ¾Ğ»ÑŒÑˆĞ¾Ğ¹ Ğ›Ğ¾Ğ½Ğ´Ğ¾Ğ½,60
812,Depas San NicolÃ¡s zona anahuac,San NicolÃ¡s de los Garza,14
813,Comodo departamento a 5 minutos del aeropuerto,Ciudad JuÃ¡rez,18
814,"Minha casa, sua casa",Porto de Galinhas,16
815,Baijan Hotel Baku,Ğ‘Ğ°ĞºÑƒ,32
816,HabitaciÃ³n estÃ¡ndar c/ alberca y Roof Garden,Holbox,23
817,"La Jauna, Casa del Ãrbol",Ğ¡Ğ°Ğ½Ñ‚Ğ°-ĞœĞ°Ñ€Ñ‚Ğ°,10
818,"Appartement lumineux avec toÃ®t-terrasse, MILLAU",Millau,33
819,Hermosa casa con vista el cerro del Tepozteco,TepoztlÃ¡n,74
820,ĞŸÑ€Ğ¾ÑÑ‚Ğ¾Ñ€Ğ½Ğ°Ñ Ğ¸ ÑĞ¾Ğ»Ğ½ĞµÑ‡Ğ½Ğ°Ñ ĞºĞ²Ğ°Ñ€Ñ‚Ğ¸Ñ€ĞºĞ° Ğ´Ğ»Ñ 4 Ñ‡ĞµĞ»Ğ¾Ğ²ĞµĞº,ĞšĞ°Ğ»Ğ¸Ğ½Ğ¸Ğ½Ğ³Ñ€Ğ°Ğ´,16
821,Atico Apartamento Loft Playa Victoria Cadiz,ĞšĞ°Ğ´Ğ¸Ğ·,76
822,Maison dans village blanc d andalousie,ĞšĞ°ÑĞ°Ñ€ĞµÑ,33
823,"ÃšNICO FRENTE A LOS ARCOS , VISTA INCREÃBLE,JACUZZI",Ğ¡Ğ°Ğ½Ñ‚ÑŒÑĞ³Ğ¾-Ğ´Ğµ-ĞšĞµÑ€ĞµÑ‚Ğ°Ñ€Ğ¾,50
824,Yurt on the Beach,Mahahual,17
825,Oportunidad de alojamiento en zona cÃ©ntrica del DN,Ğ¡Ğ°Ğ½Ñ‚Ğ¾-Ğ”Ğ¾Ğ¼Ğ¸Ğ½Ğ³Ğ¾,10
826,Charming condo walking distance from Medano Beach,El tezal,41
827,Ğ­Ñ‚Ğ°Ğ»Ğ¾Ğ½,Sankt-Peterburg,28
828,Studio au calme,Frouard,19
829,Studio in Centro a San Dona di Piave,San DonÃ  di Piave,8
830,"La Jauna, Casa del Ãrbol",Ğ¡Ğ°Ğ½Ñ‚Ğ°-ĞœĞ°Ñ€Ñ‚Ğ°,10
831,QUIET LUXURY IN HEART OF WINE COUNTRY,ĞĞ¸Ğ°Ğ³Ğ°Ñ€Ğ°-Ğ½Ğ°-Ğ¾Ğ·ĞµÑ€Ğµ,110
832,Privatzimmer mit Gartenzugang und eigenem Bad,Bergisch Gladbach,19
833,Apartamento aconchegante no centro de Joinville,Ğ§ĞµĞ½Ñ‚Ñ€Ğ¾,13
834,åä¹â€¢æœŸé‡ï½œé‚»äº”ä¸€å¹¿åœº/IFSå›½é‡‘è¡—/é»„å…´å¹¿åœº/è§£æ”¾è¥¿è·¯/å—é—¨å£åœ°é“ç«™,Ğ§Ğ°Ğ½ÑˆĞ°,34
835,Beautiful House with private pool,ĞšĞ°Ğ½ĞºÑƒĞ½,45
836,é…’åº—å¼å…¬å¯“ï¼Œç²¾è£…ä¿®ï¼Œä¸“èŒç®¡å®¶æœåŠ¡ï¼Œä¸´è¿‘æ±‰å£ç«è½¦ç«™ï¼Œä¸‡æ¾å›­ï¼Œå‰åº†è¡—ï¼Œåœ°é“å…«å·çº¿ï¼Œé‡‘æ¡¥æ°¸æ—º,Ğ£Ñ…Ğ°Ğ½ÑŒ,16
837,ĞĞ²Ñ‚ĞµĞ½Ñ‚Ğ¸Ñ‡Ğ½Ğ¸Ğ¹ ĞµĞºĞ¾-Ğ±Ğ¾Ğ´Ğ¸Ğ½Ğ¾Ñ‡Ğ¾Ğº Ğ² Ğ¼Ğ°Ğ»ÑŒĞ¾Ğ²Ğ½Ğ¸Ñ‡Ñ–Ğ¹ Ğ¼Ñ–ÑÑ†ĞµĞ²Ğ¾ÑÑ‚Ñ–,Starosillya,8
838,Casa Melipona *,JoaquÃ­n Zetina Gasca,9
839,Single Room in MontaÃ±ita,MontaÃ±ita,8
840,"í‚¤ì•„ì˜¤ë¼(Kiaora) ë°”ë‹¤ë·°
ì„±ì‚°ì¼ì¶œë´‰,ì„­ì§€ì½”ì§€,ìš°ë„,ë¹›ì˜ë²™ì»¤ ê´‘ì¹˜ê¸°í•´ë³€ ê´€ê´‘ì˜ ìµœì ì§€","Seongsan-eup, Seogwipo",41
841,Lovely One Bedroom Flat - Canary Wharf Location,Ğ‘Ğ¾Ğ»ÑŒÑˆĞ¾Ğ¹ Ğ›Ğ¾Ğ½Ğ´Ğ¾Ğ½,59
842,"i096B-  Hosting Home, Varanda Gourmet e Garagem",Vila Izabel,17
843,Chambre nÂ°1 - Colocation Hyper Centre,ĞĞ½Ğ¶Ğµ,27
844,Central apartment 100m from seaside of Ierapetra,Ierapetra,37
845,"Bright double room, perfect for a work & rest mix",Ğ‘Ğ¾Ğ»ÑŒÑˆĞ¾Ğ¹ Ğ›Ğ¾Ğ½Ğ´Ğ¾Ğ½,32
846,Single Room in MontaÃ±ita,MontaÃ±ita,8
847,NEW Sky's residence @ M Roof 1 King Size Bed,Ğ˜Ğ¿Ğ¾Ñ…,23
848,"ÃšNICO FRENTE A LOS ARCOS , VISTA INCREÃBLE,JACUZZI",Ğ¡Ğ°Ğ½Ñ‚ÑŒÑĞ³Ğ¾-Ğ´Ğµ-ĞšĞµÑ€ĞµÑ‚Ğ°Ñ€Ğ¾,50
849,Tao's Inn - Room with Two Queen Beds,Ğ£ÑÑÑ‚-Ğ™ĞµĞ»Ğ»Ğ¾ÑƒÑÑ‚Ğ¾ÑƒĞ½,129
850,Ğ­Ñ‚Ğ°Ğ»Ğ¾Ğ½,Sankt-Peterburg,28
851,Meu espaÃ§o em Maresias,Ğ¡Ğ°Ğ½-Ğ¡ĞµĞ±Ğ°ÑÑ‚ÑŒÑĞ½,11
852,Kitnet/flat no centro do GuarujÃ¡.,Ğ“ÑƒĞ°Ñ€ÑƒÑ…Ğ°,28
853,Studio in Centro a San Dona di Piave,San DonÃ  di Piave,8
854,The Creagan   Bed and Breakfast  Single room,Ğ¥Ğ°Ğ¹Ğ»ĞµĞ½Ğ´,45
855,Casinha na Ã¡rvore,MairiporÃ£,15
856,HOSPEDAGEM COMPARTILHADA NA CASA ENXAIMEL EHLERT,Testo Central Alto,11
857,Casa de Campo en la MontaÃ±a (10 min Tlayacapan),Los Laureles,53
858,ã€èœ‚é¸Ÿå­¦èˆ306ã€‘æ²³åŒ—ä¼ åª’å¤§å­¦æ—è€ƒç ”å¤ä¹ å¯æœˆç§Ÿ,Shijiazhuang,8
859,â­Chapineroâ­Cosy Bedroomâ­Universidadesâ­FAST WIFI,Ğ‘Ğ¾Ğ³Ğ¾Ñ‚Ğ°,12
860,Jaime and Angelaâ€™s Private Suite,ĞÑ€Ğ»Ğ°Ğ½Ğ´Ğ¾,37
861,Casa de praia Azul,BalneÃ¡rio Tupy,21
862,Nice and cozy remodeled apartment,Heroica Puebla de Zaragoza,15
863,Chambre privÃ©e 4,Viry-ChÃ¢tillon,17
864,Painted with wood,Ğ“Ğ´Ğ°Ğ½ÑŒÑĞº,18
865,#ë„·í”Œë¦­ìŠ¤ #í˜¸í…”ì¹¨êµ¬ #ê³ ì¸µí™˜ìƒë·° #47ì¸ì¹˜í‹°ë¹„ #ì„¼íŠ¸ëŸ´íŒŒí¬ë·° #ë°”ë‹¤ë·° #ì¸ì²œëŒ€ì…êµ¬ì—­,"Songdo-dong, Yeonsu-gu",49
866,Depas San NicolÃ¡s zona anahuac,San NicolÃ¡s de los Garza,14
867,ã€å¦äºŒå®¶ã€‘INSåŒ—æ¬§é£èˆ’é€‚å¤§åºŠæˆ¿ | ç‹¬å« | å®‰é™ç‹¬æ ‹åˆ«å¢… | è¿‘å›½è´¸ä¸–è´¸é‡‘ç‰›å²­ | å¯å¼€å‘ç¥¨,Ğ¥Ğ°Ğ¹ĞºĞ¾Ñƒ,13
868,Casa 3 en ciudad y cerca atractivos turÃ­sticos.,Poza Rica de Hidalgo,21
869,"3 Bedroom Lodge, countryside setting & a lake view",Warton,72
870,Lovely One Bedroom Flat - Canary Wharf Location,Ğ‘Ğ¾Ğ»ÑŒÑˆĞ¾Ğ¹ Ğ›Ğ¾Ğ½Ğ´Ğ¾Ğ½,59
871,IncreÃ­ble ubicaciÃ³n Aguacatala el Poblado 1 hab,ĞœĞµĞ´ĞµĞ»ÑŒĞ¸Ğ½,20
872,Aluga-se SuÃ­te Jardim Soares,Jardim Soares,10
873,Comfortable Studio Tulum Downtown,Ğ¢ÑƒĞ»ÑƒĞ¼,51
874,Belcanto/The enchanted land where dreams come true,Ğ’Ğ»Ğ°Ğ´Ğ¸Ğ²Ğ¾ÑÑ‚Ğ¾Ğº,29
875,ç¾å…°æ¹–è¾¹Uå¤©åœ°æ—æ¸©é¦¨å°å±‹,Ğ¨Ğ°Ğ½Ñ…Ğ°Ğ¹,10
876,CÃ³modo mini depa en la mejor ubicaciÃ³n,LeÃ³n,10
877,Departamento con gran ubicaciÃ³n en Rosario,KZD,12
878,Studio in Centro a San Dona di Piave,San DonÃ  di Piave,8
879,Privatzimmer mit Gartenzugang und eigenem Bad,Bergisch Gladbach,19
880,PD Waterfront Seaview Unit (Up to 3 pax),ĞŸĞ¾Ñ€Ñ‚ Ğ”Ğ¸ĞºÑĞ¾Ğ½,30
881,Kittredge Guest Suite,Kittredge,65
882,A PERFECT ROOM IN THE HEARTH OF THE CITY,BeyoÄŸlu,21
883,Gezellige blokhut met fraai uitzicht,Zuidwolde,41
884,Milk's ç‰›å¥¶å°å±‹,Ğ§ÑĞ½Ğ´Ñƒ,21
885,Lovely One Bedroom Flat - Canary Wharf Location,Ğ‘Ğ¾Ğ»ÑŒÑˆĞ¾Ğ¹ Ğ›Ğ¾Ğ½Ğ´Ğ¾Ğ½,59
886,CabaÃ±a en el bosque,Mesa de Jaimes,46
887,Appartement exposÃ© plein sud,Arbois,29
888,Nice and cozy remodeled apartment,Heroica Puebla de Zaragoza,15
889,Comfortable Studio Tulum Downtown,Ğ¢ÑƒĞ»ÑƒĞ¼,51
890,Painted with wood,Ğ“Ğ´Ğ°Ğ½ÑŒÑĞº,18
891,La mejor ubicaciÃ³n de Santiago (2),Ğ¡Ğ°Ğ½Ñ‚ÑŒÑĞ³Ğ¾,26
892,Charming condo walking distance from Medano Beach,El tezal,41
893,Tao's Inn - Room with Two Queen Beds,Ğ£ÑÑÑ‚-Ğ™ĞµĞ»Ğ»Ğ¾ÑƒÑÑ‚Ğ¾ÑƒĞ½,129
894,"í‚¤ì•„ì˜¤ë¼(Kiaora) ë°”ë‹¤ë·°
ì„±ì‚°ì¼ì¶œë´‰,ì„­ì§€ì½”ì§€,ìš°ë„,ë¹›ì˜ë²™ì»¤ ê´‘ì¹˜ê¸°í•´ë³€ ê´€ê´‘ì˜ ìµœì ì§€","Seongsan-eup, Seogwipo",41
895,ë™ëŒ€êµ¬ì—­ ê±¸ì–´ì„œ 3ë¶„ ì‹ ì¶• ì¸í…Œë¦¬ì–´ í•˜ìš°ìŠ¤ #Cha Cha village~plus,Dong-gu,32
896,æ±Ÿè¾¹èˆ’é€‚å¤§åºŠæˆ¿,ĞĞ°Ğ½ĞºĞ¸Ğ½,23
897,Cabin hideaway near Bath with hot tub,Bitton,129
898,"Um novo horizonte - Praias, Trindade, Paraty RJ",ĞŸĞ°Ñ€Ğ°Ñ‚Ğ¸,11
899,"ÃšNICO FRENTE A LOS ARCOS , VISTA INCREÃBLE,JACUZZI",Ğ¡Ğ°Ğ½Ñ‚ÑŒÑĞ³Ğ¾-Ğ´Ğµ-ĞšĞµÑ€ĞµÑ‚Ğ°Ñ€Ğ¾,50
900,"ÃšNICO FRENTE A LOS ARCOS , VISTA INCREÃBLE,JACUZZI",Ğ¡Ğ°Ğ½Ñ‚ÑŒÑĞ³Ğ¾-Ğ´Ğµ-ĞšĞµÑ€ĞµÑ‚Ğ°Ñ€Ğ¾,50
901,La Palmita: Private Bed 4. Digital Nomade Ready,Ğ¢ÑƒĞ»ÑƒĞ¼,12
902,Boutique 1950s Cape Cod motel,Ğ¡ÑĞ½Ğ´Ğ²Ğ¸Ñ‡,102
903,"Quarto com varanda para o mar !Lindo,confortÃ¡vel",Ğ¤Ğ»Ğ¾Ñ€Ğ¸Ğ°Ğ½Ğ¾Ğ¿Ğ¾Ğ»Ğ¸Ñ,26
904,Departamento remodelado y excelente ubicaciÃ³n,ĞœĞµÑ…Ğ¸ĞºĞ¾,21
905,ì¡°ìš©í•œ ì „ì›ì£¼íƒí˜• íœì…˜ ì•Œë£¨í•˜ìš°ìŠ¤ R4,"Seongsan-eup, Seogwipo-si",39
906,~æ‚¦äº«æ°‘å®¿~èŠ±å›­å¼ç»¿åŒ–/æ¬£é›†å¤é•‡/ç‰ç¥¥é—¨åŸå¢™æ ¹/åœ°é“ä¸€å·çº¿/é’Ÿé¼“æ¥¼/å›æ°‘è¡—/éª¡é©¬å¸‚å•†ä¸šæ­¥è¡Œè¡—/ç²¾å“æˆ¿,Ğ¡Ğ¸Ğ°Ğ½ÑŒ,18
907,La mejor ubicaciÃ³n de Santiago (2),Ğ¡Ğ°Ğ½Ñ‚ÑŒÑĞ³Ğ¾,26
908,Cozy apartment with a great view of the city,ĞĞ¸Ñˆ,21
909,"1984, 32 foot Irwin sailboat 
â€œSea Raven Sixâ€",ĞšĞ¸-Ğ£ÑÑÑ‚,98
910,*SAFE & SANITIZED*  Large loft 1 with pool,ĞšĞ°Ğ½ĞºÑƒĞ½,48
911,Holiday apartment with 1 bedroom on 41mÂ² in Serramezzana,Serramezzana,48
912,é…’åº—å¼å…¬å¯“ï¼Œç²¾è£…ä¿®ï¼Œä¸“èŒç®¡å®¶æœåŠ¡ï¼Œä¸´è¿‘æ±‰å£ç«è½¦ç«™ï¼Œä¸‡æ¾å›­ï¼Œå‰åº†è¡—ï¼Œåœ°é“å…«å·çº¿ï¼Œé‡‘æ¡¥æ°¸æ—º,Ğ£Ñ…Ğ°Ğ½ÑŒ,17
913,é‡‘è‰²ç«¹ ä¿® é“é™¢  The Golden Bamboo Abbey,Ğ“Ğ¾Ğ½Ğ¾Ğ»ÑƒĞ»Ñƒ,40
914,"Premium Private Studio Apt w/ WiFi,Lift & King Bed",ĞÑŒÑ-Ğ”ĞµĞ»Ğ¸,19
915,Pousada RiiA SuÃ­te 02 Maragogi AL,ĞœĞ°Ñ€Ğ°Ğ³Ğ¾Ğ¶Ğ¸,32
916,Apartamento Frente ao Shopping Cidade Sorocaba,Vila Terron,15
917,Warmly & Comfortable apt in Center of Westlake,West Lake,17
918,Lovely One Bedroom Flat - Canary Wharf Location,Ğ‘Ğ¾Ğ»ÑŒÑˆĞ¾Ğ¹ Ğ›Ğ¾Ğ½Ğ´Ğ¾Ğ½,59
919,â¤Lovely Cabin Perfect For Groups For Ski And Hikeâ¤,Ğ“Ğ¾Ğ»Ğ´ĞµĞ½,48
920,Mieszkanie w pobliÅ¼u Bulwaru Nadmorskiego,Ğ“Ğ´Ñ‹Ğ½Ñ,26
921,Offre spÃ©ciale Ã©tudiant mobil home mitoyen 1 ch,Angoulins,30
922,âœ«âœ© Beautiful Cottage In The Heart Of The Rockiesâœ©âœ«,Ğ“Ğ¾Ğ»Ğ´ĞµĞ½,47
923,Flat de 1 quarto na boa vista,Boa Vista,17
924,Estudio Azul Bucerias,BucerÃ­as,25
925,"VICKY'S w/ NETFLIX, 2 TV's, WIFI, CABLE & pool",Tagaytay,20
926,(í• ì¸ì¤‘) YAC ê³µí•­ê·¼ì²˜/ ê°€ì„±ë¹„ ìµœê³ / ê°œì¸ì‹¤/ ê°œë³„ìš•ì‹¤/ ì£¼ë°©/ ì„¸íƒê±´ì¡°ê¸°/ ì£¼ì°¨ê³µê°„,Ğ§ĞµĞ´Ğ¶Ñƒ-ÑĞ¸,20
927,Departamento remodelado y excelente ubicaciÃ³n,ĞœĞµÑ…Ğ¸ĞºĞ¾,21
928,PD Waterfront Seaview Unit (Up to 3 pax),ĞŸĞ¾Ñ€Ñ‚ Ğ”Ğ¸ĞºÑĞ¾Ğ½,30
929,Kittredge Guest Suite,Kittredge,65
930,Gezellige blokhut met fraai uitzicht,Zuidwolde,41
931,Lovely One Bedroom Flat - Canary Wharf Location,Ğ‘Ğ¾Ğ»ÑŒÑˆĞ¾Ğ¹ Ğ›Ğ¾Ğ½Ğ´Ğ¾Ğ½,60
932,CabaÃ±a en el bosque,Mesa de Jaimes,46
933,"Location GÃ®te PrÃ©failles, 2 piÃ¨ces, 3 personnes",PrÃ©failles,58
934,Appartement exposÃ© plein sud,Arbois,29
935,Apartamento aconchegante prÃ³ximo a praia,Ğ¤Ğ¾Ñ€Ñ‚Ğ°Ğ»ĞµĞ·Ğ°,11
936,Nice and cozy remodeled apartment,Heroica Puebla de Zaragoza,15
937,Comodo departamento a 5 minutos del aeropuerto,Ciudad JuÃ¡rez,18
938,"Um novo horizonte - Praias, Trindade, Paraty RJ",ĞŸĞ°Ñ€Ğ°Ñ‚Ğ¸,11
939,Dublex with Sea View and Terrace in Old City,Fatih,43
940,Aconchego da Leda 3,Ğ§ĞµĞ½Ñ‚Ñ€Ğ¾,14
941,Flat de 1 quarto na boa vista,Boa Vista,17
942,"Naturaleza, Lujo y RelajaciÃ³n en ArmonÃ­a",Ğ¢Ñ€ĞµÑ-Ğ´Ğµ-ĞœĞ°Ğ¹Ğ¾,27
943,Studio in Centro a San Dona di Piave,San DonÃ  di Piave,8
944,HabitaciÃ³n estÃ¡ndar c/ alberca y Roof Garden.,Holbox,23
945,Comraich (CC524088),Strathyre near Callander,284
946,ğŸƒPetit Cocon RÃ©tais avec piscine & parking privÃ©ğŸ•Š,Ğ›Ğ°-Ğ¤Ğ»Ğ¾Ñ‚,56
947,Baijan Hotel Baku,Ğ‘Ğ°ĞºÑƒ,32
948,"Modern Home w/ Balcony & 2 Ensuites, Falmouth",Ğ¤Ğ°Ğ»Ğ¼ÑƒÑ‚,170
949,Sobrado aconchegante Bertioga,Vila Clais,25
950,Dikimevi metrosu Ã¶nÃ¼nde Ã¶zel oda,Ğ§Ğ°Ğ½ĞºĞ°Ñ,10
951,"A furnished studio at Malate, Manila w/ free wifi",ĞœĞ°Ğ½Ğ¸Ğ»Ğ°,19
952,No. 3  ~2bdrm apt Cozy home feels+hotel luxury~,Ğ˜ÑĞ»Ğ°-ĞœÑƒÑ…ĞµÑ€ĞµÑ,35
953,ë‹¤ìš°ë˜ë¯¼ë°• 4í˜¸ì‹¤,"Andeok-myeon, Seogwipo",47
954,Cozy Lakefront Cabin on Keweenaw Peninsula,Torch Lake Township,114
955,Yurt on the Beach,Mahahual,17
956,Ğ­Ñ‚Ğ°Ğ»Ğ¾Ğ½,Sankt-Peterburg,28
957,"Beautiful house, walking distance to downtown.",Ğ¡Ğ°Ğ½-ĞœĞ¸Ğ³ĞµĞ»ÑŒ-Ğ´Ğµ-ĞĞ»ÑŒĞµĞ½Ğ´Ğµ,50
958,"Aeropuerto, Foro sol, Palacio de los deportes",ĞœĞµÑ…Ğ¸ĞºĞ¾,16
959,"BONITA CASA NUEVA, BIEN UBICADA",MazatlÃ¡n,25
960,"Bright double room, perfect for a work & rest mix",Ğ‘Ğ¾Ğ»ÑŒÑˆĞ¾Ğ¹ Ğ›Ğ¾Ğ½Ğ´Ğ¾Ğ½,32
961,Hermosas habitaciones en zona super cÃ©ntrica,Heroica Puebla de Zaragoza,9
962,åŒ—æ¬§insé£ï¼ˆæ™¯è§‚æˆ¿ï¼‰,Ğ§ÑƒĞ½Ñ†Ğ¸Ğ½,25
963,å°æ¸…æ–°&å²³éº“å±±é£æ™¯&å°é›¨ä¹‹å®¶,Ğ§Ğ°Ğ½ÑˆĞ°,18
964,"ë°±íŒ¨ì»¤ìŠ¤ë¹Œë¼(101í˜¸), í†µìœ ë¦¬ë‚˜ë¬´ë·°! íŠ¸ìœˆë£¸!","Hangyeong-myeon, Cheju",36
965,Confortable Loft de lujo Zona Santa FÃ©.,ĞœĞµÑ…Ğ¸ĞºĞ¾,45
966,FLAT Batel/Centro,Ğ§ĞµĞ½Ñ‚Ñ€Ğ¾,20
967,"T3 Tram ""Gare de Villeurbanne"", jolie terrasse",Ğ’Ğ¸Ğ»Ğ»ĞµÑ€Ğ±Ğ°Ğ½Ğ½,34
968,Privatzimmer mit Gartenzugang und eigenem Bad,Bergisch Gladbach,19
969,Brand new studion flat London NW2,Ğ‘Ğ¾Ğ»ÑŒÑˆĞ¾Ğ¹ Ğ›Ğ¾Ğ½Ğ´Ğ¾Ğ½,52
970,Alojamiento Flotante del  Titicaca,Puno,14
971,El Portalito,Ğ¢ĞµĞºĞ¸ÑĞºĞ¸Ğ°Ğ¿Ğ°Ğ½,23
972,Apartamento incrÃ­vel no coraÃ§Ã£o do Itaim I023,Ğ˜Ñ‚Ğ°Ğ¹Ğ¼-Ğ‘Ğ¸Ğ±Ğ¸,36
973,CAMA 1 EM DOMITÃ“RIO MASCUL. COMPART. 4 PESSOAS JDO,Santa Tereza,7
974,Loue petite chambre chez l'habitant,Issoudun,23
975,Mountain Lodge! Stonebridge Inn - Deluxe Room,Ğ¡Ğ½Ğ¾ÑƒĞ¼Ğ°Ñ-Ğ’Ğ¸Ğ»Ğ»Ğ¸Ğ´Ğ¶,105
976,Cuarto Laura-Cozy and comfortable,MÃ©rida,12
977,"lovely apartment  with 3 balcony s  , very quiet",Ğ¡Ğ¾Ğ»Ğ½ĞµÑ‡Ğ½Ñ‹Ğ¹ Ğ±ĞµÑ€ĞµĞ³,36
978,Helena Suites,ĞĞ°ĞºÑƒÑ€Ñƒ,15
979,Expressionz Suite KLCC by Ayser (Netflix & Chill),ĞšÑƒĞ°Ğ»Ğ°-Ğ›ÑƒĞ¼Ğ¿ÑƒÑ€,24
980,Ğ”Ğ¸Ğ·Ğ°Ğ¹Ğ½ĞµÑ€ÑĞºĞ°Ñ ÑÑ‚ÑƒĞ´Ğ¸Ñ Ğ² Â«Ğ¡ĞºĞ°Ğ½Ğ´Ğ¸Ğ½Ğ°Ğ²ÑĞºĞ¾Ğ¼ ÑÑ‚Ğ¸Ğ»ĞµÂ»!,ĞšÑ€Ğ°ÑĞ½Ğ¾Ğ´Ğ°Ñ€,18
981,Apartamento com Cozinha e Varanda em BÃºzios APTO 1,BÃºzios,14
982,Chambre privÃ©e dans petit appartement,Codognan,18
983,Cozy Attic 2bhk | Terrace With Mesmerizing View,Dudhli,29
984,Beautiful House with private pool,ĞšĞ°Ğ½ĞºÑƒĞ½,45
985,Ganz viel inklusive in aussergewÃ¶hnlicher Kulisse,Unteriberg,26
986,é…’åº—å¼å…¬å¯“ï¼Œç²¾è£…ä¿®ï¼Œä¸“èŒç®¡å®¶æœåŠ¡ï¼Œä¸´è¿‘æ±‰å£ç«è½¦ç«™ï¼Œä¸‡æ¾å›­ï¼Œå‰åº†è¡—ï¼Œåœ°é“å…«å·çº¿ï¼Œé‡‘æ¡¥æ°¸æ—º,Ğ£Ñ…Ğ°Ğ½ÑŒ,17
987,ĞĞ²Ñ‚ĞµĞ½Ñ‚Ğ¸Ñ‡Ğ½Ğ¸Ğ¹ ĞµĞºĞ¾-Ğ±Ğ¾Ğ´Ğ¸Ğ½Ğ¾Ñ‡Ğ¾Ğº Ğ² Ğ¼Ğ°Ğ»ÑŒĞ¾Ğ²Ğ½Ğ¸Ñ‡Ñ–Ğ¹ Ğ¼Ñ–ÑÑ†ĞµĞ²Ğ¾ÑÑ‚Ñ–,Starosillya,8
988,ì¡°ìš©í•œ ì „ì›ì£¼íƒí˜• íœì…˜ ì•Œë£¨í•˜ìš°ìŠ¤ R4,"Seongsan-eup, Seogwipo-si",39
989,èµ›åšæœ‹å…‹æ¢¦å¹»æŠ•å½±æˆ¿,Ğ›Ğ°Ğ½Ñ‡Ğ¶Ğ¾Ñƒ,28
990,Aurora House Phu Quoc - Deluxe Double Pool View,ThÃ nh phá»‘ PhÃº Quá»‘c,19
991,ç™½ç›’å­çŒ«å°å±…,Ğ§Ğ°Ğ½ÑˆĞ°,12
992,"[THE MINES] HOMESTAY Studio 4Pax, FREE WIFI",Seri Kembangan,20
993,PÃ© na areia e vista para o mar | Wifi 120Mb,ĞœĞ¾Ñ€Ñ€Ğ¾ Ğ´Ğ°Ñ ĞŸĞµĞ´Ñ€Ğ°Ñ,21
994,la casa al final de la calle 2,Villahermosa,20
995,Loft nuevo a sÃ³lo 5 minutos caminando del mar!,MazatlÃ¡n,26
996,"Hermoso apartamento super ubicado,",ĞšĞ°Ğ½ĞºÑƒĞ½,21
997,ã€æ‚¦æ›¼æ°‘å®¿ã€‘1å·æˆ¿insåŒ—æ¬§é£-ä¸‡è¾¾å•†åœˆ-å¸‚ä¸­å¿ƒ-å‡¯å¾·å¹¿åœº-é£æœºåœº-ç«è½¦ç«™-å°åŒºæ¥¼ä¸‹ç¾é£Ÿè¡—-æ‹ç…§æ‰“å¡,Mianyang,22
998,Brand new studion flat London NW2,Ğ‘Ğ¾Ğ»ÑŒÑˆĞ¾Ğ¹ Ğ›Ğ¾Ğ½Ğ´Ğ¾Ğ½,52
999,MarÃ­a FÃ©lix. En una Zona MUY Tranquila de la CDMX.,ĞœĞµÑ…Ğ¸ĞºĞ¾,19
